pago_id,preorden,id_proveedor,id_videojuego
3482,False,1.0,16.0
3483,False,1.0,732.0
3484,False,1.0,12517.0
3485,False,1.0,121.0
3486,False,1.0,40.0
3487,False,1.0,2993.0
3488,False,1.0,75.0
3489,False,1.0,113.0
3490,False,1.0,1802.0
3491,False,1.0,72.0
3492,False,1.0,343.0
3493,True,1.0,59.0
3494,False,1.0,8173.0
3495,False,1.0,233.0
3496,False,1.0,116.0
3497,True,1.0,21.0
3498,True,1.0,529.0
3499,False,1.0,1970.0
3500,False,6.0,7344.0
3501,False,6.0,1026.0
3502,False,6.0,1331.0
3503,False,6.0,1871.0
3504,False,6.0,11198.0
3505,True,6.0,7342.0
3506,False,6.0,974.0
3507,True,6.0,673.0
3508,False,6.0,427.0
3509,False,6.0,14593.0
3510,False,6.0,1942.0
3511,False,6.0,1029.0
3512,False,6.0,1262.0
3513,False,6.0,7346.0
3514,False,4.0,3025.0
3515,False,4.0,1372.0
3516,False,4.0,11156.0
3517,False,4.0,1009.0
3518,False,4.0,19565.0
3519,False,1.0,8173.0
3520,False,1.0,1887.0
3521,False,1.0,75.0
3522,False,1.0,121.0
3523,False,1.0,16.0
3524,False,1.0,1970.0
3525,False,1.0,73.0
3526,False,1.0,1121.0
3527,False,1.0,109.0
3528,False,1.0,116.0
3529,False,1.0,72.0
3530,False,1.0,1262.0
3531,False,1.0,733.0
3532,False,1.0,472.0
3533,False,1.0,40.0
3534,True,1.0,673.0
3535,False,1.0,500.0
3536,False,1.0,501.0
3537,False,5.0,960.0
3538,False,5.0,434.0
3539,False,5.0,39.0
3540,False,5.0,6801.0
3541,False,5.0,7351.0
3542,False,5.0,21.0
3543,False,5.0,37.0
3544,False,3.0,40.0
3545,False,3.0,960.0
3546,False,3.0,16.0
3547,False,3.0,233.0
3548,False,3.0,533.0
3549,False,3.0,7599.0
3550,False,1.0,8173.0
3551,False,1.0,71.0
3552,False,1.0,979.0
3553,False,1.0,1164.0
3554,False,1.0,73.0
3555,False,1.0,1011.0
3556,False,1.0,2993.0
3557,False,1.0,538.0
3558,False,1.0,1020.0
3559,False,1.0,866.0
3560,False,1.0,72.0
3561,True,1.0,109.0
3562,True,6.0,7342.0
3563,True,6.0,1802.0
3564,False,6.0,1262.0
3565,False,6.0,12517.0
3566,False,6.0,427.0
3567,False,6.0,7346.0
3568,False,6.0,1029.0
3569,False,6.0,14593.0
3570,False,6.0,1026.0
3571,False,6.0,11198.0
3572,False,6.0,1331.0
3573,True,6.0,673.0
3574,False,6.0,8173.0
3575,False,6.0,1942.0
3576,False,6.0,1871.0
3577,False,6.0,116.0
3578,False,6.0,358.0
3579,False,1.0,113.0
3580,False,1.0,537.0
3581,False,1.0,478.0
3582,False,1.0,132.0
3583,False,3.0,7351.0
3584,False,3.0,16.0
3585,True,3.0,231.0
3586,False,2.0,327.0
3587,False,2.0,1985.0
3588,False,2.0,21.0
3589,False,6.0,116.0
3590,False,6.0,14593.0
3591,False,6.0,1262.0
3592,False,6.0,427.0
3593,False,6.0,11198.0
3594,False,6.0,1942.0
3595,False,6.0,7346.0
3596,False,6.0,974.0
3597,False,6.0,12517.0
3598,False,6.0,1331.0
3599,False,6.0,1026.0
3600,False,6.0,8173.0
3601,False,6.0,1802.0
3602,False,6.0,358.0
3603,True,6.0,673.0
3604,False,6.0,1871.0
3605,False,6.0,7344.0
3606,False,6.0,1029.0
3607,True,1.0,472.0
3608,False,1.0,40.0
3609,False,1.0,1020.0
3610,False,1.0,38.0
3611,False,3.0,73.0
3612,False,3.0,1266.0
3613,False,3.0,7323.0
3614,False,3.0,233.0
3615,False,3.0,960.0
3616,False,3.0,7351.0
3617,False,3.0,1970.0
3618,False,3.0,478.0
3619,True,3.0,733.0
3620,False,6.0,116.0
3621,False,6.0,7342.0
3622,False,6.0,358.0
3623,False,6.0,1331.0
3624,False,6.0,7346.0
3625,False,6.0,11198.0
3626,False,6.0,1871.0
3627,False,4.0,1266.0
3628,False,4.0,733.0
3629,False,4.0,529.0
3630,False,4.0,3025.0
3631,False,2.0,11133.0
3632,False,2.0,1266.0
3633,False,2.0,132.0
3634,False,2.0,124.0
3635,False,2.0,1887.0
3636,False,2.0,538.0
3637,False,2.0,71.0
3638,False,2.0,327.0
3639,True,2.0,472.0
3640,False,2.0,501.0
3641,False,2.0,533.0
3642,False,2.0,622.0
3643,False,2.0,73.0
3644,False,2.0,43.0
3645,False,2.0,1942.0
3646,False,2.0,37.0
3647,False,2.0,343.0
3648,False,2.0,1331.0
3649,False,4.0,247.0
3650,False,4.0,16.0
3651,False,6.0,7346.0
3652,False,6.0,358.0
3653,False,6.0,14593.0
3654,False,6.0,1262.0
3655,False,3.0,1970.0
3656,False,3.0,15.0
3657,True,3.0,673.0
3658,False,3.0,128.0
3659,False,3.0,730.0
3660,False,3.0,1011.0
3661,False,3.0,427.0
3662,False,3.0,537.0
3663,False,3.0,545.0
3664,False,3.0,7351.0
3665,False,3.0,1871.0
3666,False,5.0,1020.0
3667,False,5.0,124.0
3668,False,5.0,979.0
3669,False,5.0,730.0
3670,False,5.0,116.0
3671,False,5.0,538.0
3672,False,5.0,25076.0
3673,False,5.0,72.0
3674,False,5.0,478.0
3675,False,5.0,960.0
3676,True,5.0,7342.0
3677,False,5.0,128.0
3678,False,5.0,537.0
3679,False,5.0,43.0
3680,False,5.0,1887.0
3681,False,5.0,71.0
3682,True,5.0,109.0
3683,False,1.0,1262.0
3684,False,1.0,538.0
3685,False,1.0,979.0
3686,False,3.0,960.0
3687,False,3.0,73.0
3688,False,3.0,15.0
3689,False,3.0,7351.0
3690,False,3.0,127.0
3691,False,3.0,427.0
3692,False,3.0,529.0
3693,False,3.0,21.0
3694,False,3.0,1887.0
3695,False,3.0,1942.0
3696,False,3.0,537.0
3697,False,3.0,501.0
3698,True,3.0,1352.0
3699,False,3.0,478.0
3700,False,3.0,8173.0
3701,False,4.0,434.0
3702,False,4.0,1164.0
3703,False,6.0,1871.0
3704,False,6.0,7346.0
3705,False,6.0,11198.0
3706,False,6.0,12517.0
3707,False,6.0,1029.0
3708,False,6.0,358.0
3709,False,6.0,1331.0
3710,False,2.0,39.0
3711,False,2.0,3025.0
3712,False,2.0,500.0
3713,False,2.0,732.0
3714,False,2.0,1020.0
3715,False,2.0,14593.0
3716,False,2.0,71.0
3717,False,2.0,247.0
3718,False,2.0,343.0
3719,False,2.0,1985.0
3720,True,5.0,59.0
3721,False,5.0,128.0
3722,False,2.0,529.0
3723,False,2.0,1942.0
3724,False,2.0,623.0
3725,False,2.0,478.0
3726,False,2.0,1266.0
3727,False,2.0,25076.0
3728,False,2.0,538.0
3729,False,2.0,43.0
3730,False,2.0,247.0
3731,False,2.0,1372.0
3732,False,2.0,7599.0
3733,False,2.0,1887.0
3734,False,2.0,7342.0
3735,True,4.0,434.0
3736,False,4.0,551.0
3737,False,4.0,15.0
3738,False,4.0,233.0
3739,False,4.0,1011.0
3740,False,4.0,109.0
3741,False,4.0,1331.0
3742,False,4.0,3025.0
3743,False,4.0,16.0
3744,False,4.0,1871.0
3745,False,4.0,1970.0
3746,False,4.0,960.0
3747,False,4.0,7331.0
3748,False,4.0,19565.0
3749,False,4.0,11156.0
3750,False,1.0,121.0
3751,False,1.0,8173.0
3752,False,1.0,40.0
3753,False,1.0,113.0
3754,False,4.0,979.0
3755,False,4.0,1266.0
3756,False,4.0,19560.0
3757,False,4.0,1985.0
3758,False,4.0,1372.0
3759,False,4.0,529.0
3760,False,4.0,15.0
3761,False,4.0,559.0
3762,False,4.0,7331.0
3763,False,4.0,1871.0
3764,False,4.0,1887.0
3765,False,4.0,2993.0
3766,False,4.0,25076.0
3767,True,4.0,231.0
3768,True,4.0,21.0
3769,True,4.0,19565.0
3770,False,4.0,434.0
3771,False,5.0,113.0
3772,False,3.0,7344.0
3773,False,3.0,40.0
3774,False,3.0,16.0
3775,False,3.0,1262.0
3776,False,6.0,8173.0
3777,True,6.0,1802.0
3778,False,6.0,1331.0
3779,True,6.0,7342.0
3780,False,6.0,427.0
3781,False,6.0,1942.0
3782,False,6.0,1026.0
3783,False,6.0,1262.0
3784,False,6.0,1029.0
3785,False,6.0,1942.0
3786,False,6.0,8173.0
3787,False,6.0,12517.0
3788,False,6.0,7346.0
3789,False,6.0,7344.0
3790,False,6.0,1871.0
3791,False,6.0,358.0
3792,False,6.0,1331.0
3793,False,6.0,116.0
3794,False,6.0,427.0
3795,False,6.0,11198.0
3796,True,6.0,1802.0
3797,False,6.0,673.0
3798,False,2.0,124.0
3799,False,2.0,71.0
3800,False,4.0,732.0
3801,True,4.0,2207.0
3802,False,4.0,3025.0
3803,False,4.0,1011.0
3804,False,4.0,72.0
3805,False,4.0,247.0
3806,False,4.0,73.0
3807,False,4.0,565.0
3808,True,4.0,75.0
3809,False,4.0,512.0
3810,False,4.0,1121.0
3811,False,4.0,38.0
3812,False,4.0,545.0
3813,False,2.0,1011.0
3814,True,2.0,733.0
3815,False,2.0,71.0
3816,False,2.0,537.0
3817,False,2.0,39.0
3818,False,2.0,1266.0
3819,False,2.0,1372.0
3820,False,2.0,732.0
3821,False,2.0,478.0
3822,False,2.0,1887.0
3823,False,2.0,40.0
3824,False,2.0,730.0
3825,False,2.0,960.0
3826,False,2.0,38.0
3827,False,2.0,3025.0
3828,True,2.0,472.0
3829,False,2.0,7599.0
3830,False,2.0,43.0
3831,False,6.0,1871.0
3832,False,6.0,7346.0
3833,False,6.0,974.0
3834,True,6.0,7342.0
3835,False,6.0,1942.0
3836,False,6.0,12517.0
3837,False,6.0,427.0
3838,False,6.0,673.0
3839,False,6.0,1029.0
3840,False,6.0,7344.0
3841,False,6.0,116.0
3842,True,6.0,1802.0
3843,False,6.0,1262.0
3844,False,6.0,14593.0
3845,False,6.0,1331.0
3846,False,3.0,559.0
3847,False,3.0,1942.0
3848,False,3.0,1262.0
3849,False,3.0,478.0
3850,False,3.0,40.0
3851,True,4.0,59.0
3852,False,4.0,1331.0
3853,False,4.0,1970.0
3854,False,4.0,7351.0
3855,False,4.0,730.0
3856,False,4.0,6801.0
3857,False,2.0,500.0
3858,False,2.0,733.0
3859,False,2.0,979.0
3860,False,2.0,472.0
3861,False,2.0,1020.0
3862,False,2.0,3025.0
3863,False,2.0,72.0
3864,False,2.0,960.0
3865,False,2.0,1985.0
3866,True,2.0,11133.0
3867,False,5.0,7344.0
3868,False,5.0,1372.0
3869,False,5.0,533.0
3870,True,5.0,622.0
3871,False,5.0,2155.0
3872,True,5.0,127.0
3873,False,5.0,38.0
3874,False,5.0,11198.0
3875,False,5.0,537.0
3876,False,1.0,71.0
3877,False,1.0,529.0
3878,False,6.0,358.0
3879,False,6.0,116.0
3880,False,6.0,8173.0
3881,False,6.0,673.0
3882,False,6.0,1026.0
3883,False,6.0,12517.0
3884,False,6.0,14593.0
3885,False,6.0,974.0
3886,False,6.0,11198.0
3887,True,6.0,7342.0
3888,False,6.0,1942.0
3889,False,6.0,12517.0
3890,False,6.0,358.0
3891,True,2.0,622.0
3892,False,2.0,533.0
3893,False,2.0,40.0
3894,False,2.0,501.0
3895,False,2.0,500.0
3896,False,2.0,247.0
3897,False,2.0,343.0
3898,True,2.0,1802.0
3899,False,2.0,59.0
3900,False,2.0,1020.0
3901,False,2.0,538.0
3902,False,2.0,1372.0
3903,False,1.0,116.0
3904,False,1.0,21.0
3905,False,1.0,14593.0
3906,False,1.0,37.0
3907,False,1.0,38.0
3908,False,1.0,72.0
3909,False,1.0,866.0
3910,True,1.0,109.0
3911,False,1.0,7344.0
3912,False,1.0,121.0
3913,False,1.0,2155.0
3914,False,1.0,537.0
3915,False,1.0,529.0
3916,False,1.0,1121.0
3917,False,1.0,132.0
3918,False,1.0,1262.0
3919,False,1.0,622.0
3920,False,1.0,1887.0
3921,False,1.0,979.0
3922,False,1.0,733.0
3923,False,1.0,71.0
3924,False,1.0,72.0
3925,False,1.0,537.0
3926,False,2.0,1985.0
3927,False,2.0,38.0
3928,True,2.0,21.0
3929,False,2.0,73.0
3930,True,2.0,59.0
3931,False,2.0,1331.0
3932,False,5.0,472.0
3933,False,5.0,500.0
3934,False,5.0,43.0
3935,False,5.0,113.0
3936,False,5.0,2155.0
3937,False,5.0,732.0
3938,False,5.0,1011.0
3939,False,5.0,7342.0
3940,False,5.0,7351.0
3941,False,5.0,533.0
3942,False,5.0,1164.0
3943,False,5.0,1970.0
3944,False,5.0,1121.0
3945,False,3.0,75.0
3946,False,3.0,128.0
3947,False,3.0,501.0
3948,False,3.0,559.0
3949,False,3.0,7323.0
3950,False,3.0,2993.0
3951,False,3.0,25076.0
3952,False,3.0,113.0
3953,False,3.0,14593.0
3954,True,3.0,733.0
3955,False,3.0,1887.0
3956,False,3.0,1871.0
3957,False,3.0,673.0
3958,False,3.0,960.0
3959,False,3.0,75.0
3960,False,3.0,1011.0
3961,False,3.0,15.0
3962,False,3.0,427.0
3963,False,3.0,1352.0
3964,False,6.0,8173.0
3965,False,6.0,12517.0
3966,False,6.0,974.0
3967,False,6.0,7344.0
3968,True,6.0,7342.0
3969,False,6.0,1942.0
3970,False,6.0,116.0
3971,False,6.0,7346.0
3972,False,6.0,1026.0
3973,False,6.0,358.0
3974,False,6.0,11198.0
3975,False,6.0,1029.0
3976,False,6.0,1331.0
3977,False,4.0,545.0
3978,False,4.0,1970.0
3979,False,5.0,39.0
3980,False,5.0,500.0
3981,False,5.0,960.0
3982,False,5.0,15.0
3983,True,2.0,7342.0
3984,False,2.0,1011.0
3985,False,2.0,327.0
3986,False,2.0,529.0
3987,False,2.0,730.0
3988,False,2.0,1372.0
3989,False,2.0,1266.0
3990,True,2.0,59.0
3991,False,2.0,1887.0
3992,False,3.0,25076.0
3993,True,3.0,231.0
3994,False,3.0,427.0
3995,False,3.0,7599.0
3996,False,3.0,1331.0
3997,False,3.0,545.0
3998,False,3.0,343.0
3999,True,3.0,127.0
4000,False,3.0,247.0
4001,False,3.0,533.0
4002,False,3.0,559.0
4003,False,3.0,72.0
4004,True,6.0,7342.0
4005,False,6.0,12517.0
4006,False,6.0,1802.0
4007,False,6.0,427.0
4008,False,6.0,7346.0
4009,False,4.0,960.0
4010,False,4.0,3025.0
4011,False,4.0,127.0
4012,False,1.0,75.0
4013,False,1.0,478.0
4014,False,1.0,500.0
4015,False,1.0,113.0
4016,False,1.0,37.0
4017,False,1.0,231.0
4018,False,1.0,1011.0
4019,False,1.0,2993.0
4020,False,1.0,121.0
4021,False,1.0,16.0
4022,False,1.0,38.0
4023,False,1.0,233.0
4024,False,3.0,15.0
4025,False,3.0,1352.0
4026,False,3.0,533.0
4027,False,3.0,537.0
4028,False,3.0,1970.0
4029,False,3.0,73.0
4030,False,3.0,247.0
4031,False,5.0,1331.0
4032,False,5.0,545.0
4033,False,5.0,7351.0
4034,False,5.0,979.0
4035,False,5.0,16.0
4036,False,5.0,1871.0
4037,False,5.0,1372.0
4038,False,5.0,247.0
4039,False,5.0,43.0
4040,False,5.0,124.0
4041,False,5.0,73.0
4042,False,5.0,7342.0
4043,False,5.0,38.0
4044,False,5.0,1985.0
4045,False,5.0,1164.0
4046,False,4.0,538.0
4047,False,4.0,2993.0
4048,False,4.0,11198.0
4049,False,2.0,39.0
4050,True,2.0,622.0
4051,False,2.0,343.0
4052,False,2.0,7599.0
4053,False,2.0,1266.0
4054,False,2.0,3025.0
4055,False,2.0,1020.0
4056,True,2.0,1802.0
4057,False,2.0,478.0
4058,False,2.0,1011.0
4059,False,2.0,59.0
4060,False,2.0,25076.0
4061,False,2.0,529.0
4062,False,1.0,1887.0
4063,False,1.0,14593.0
4064,False,1.0,1970.0
4065,False,1.0,733.0
4066,False,1.0,2155.0
4067,True,1.0,59.0
4068,False,1.0,11198.0
4069,False,1.0,14593.0
4070,False,1.0,38.0
4071,False,1.0,231.0
4072,False,1.0,1331.0
4073,False,1.0,979.0
4074,False,1.0,478.0
4075,False,1.0,733.0
4076,False,1.0,2155.0
4077,False,1.0,538.0
4078,False,1.0,71.0
4079,False,1.0,537.0
4080,False,1.0,673.0
4081,False,1.0,12517.0
4082,False,4.0,1887.0
4083,False,4.0,43.0
4084,False,4.0,500.0
4085,False,4.0,6801.0
4086,False,4.0,379.0
4087,False,4.0,565.0
4088,False,4.0,1266.0
4089,False,4.0,73.0
4090,True,4.0,1352.0
4091,False,2.0,247.0
4092,False,2.0,343.0
4093,False,3.0,1871.0
4094,False,3.0,427.0
4095,False,3.0,37.0
4096,False,4.0,247.0
4097,True,6.0,1802.0
4098,False,6.0,7344.0
4099,False,6.0,116.0
4100,False,6.0,8173.0
4101,False,6.0,7346.0
4102,False,6.0,1871.0
4103,False,6.0,14593.0
4104,False,1.0,979.0
4105,False,1.0,38.0
4106,False,2.0,3025.0
4107,False,2.0,478.0
4108,False,2.0,537.0
4109,False,2.0,16.0
4110,False,2.0,21.0
4111,False,2.0,124.0
4112,True,2.0,733.0
4113,False,2.0,1011.0
4114,False,2.0,39.0
4115,False,2.0,1266.0
4116,False,2.0,1985.0
4117,False,2.0,623.0
4118,False,2.0,979.0
4119,False,2.0,1262.0
4120,False,2.0,71.0
4121,False,2.0,124.0
4122,False,2.0,478.0
4123,False,2.0,72.0
4124,False,2.0,37.0
4125,False,2.0,40.0
4126,False,2.0,501.0
4127,False,2.0,25076.0
4128,False,4.0,16.0
4129,False,4.0,1352.0
4130,False,4.0,113.0
4131,False,4.0,512.0
4132,False,4.0,1164.0
4133,False,4.0,11156.0
4134,False,6.0,14593.0
4135,True,6.0,1802.0
4136,False,6.0,1871.0
4137,False,6.0,673.0
4138,False,6.0,1029.0
4139,False,6.0,7344.0
4140,False,6.0,974.0
4141,False,6.0,11198.0
4142,False,6.0,8173.0
4143,False,6.0,427.0
4144,True,6.0,7342.0
4145,False,6.0,1331.0
4146,False,6.0,7346.0
4147,False,1.0,500.0
4148,False,1.0,472.0
4149,False,1.0,121.0
4150,False,1.0,2993.0
4151,False,1.0,75.0
4152,False,1.0,866.0
4153,False,1.0,73.0
4154,False,1.0,1020.0
4155,False,1.0,979.0
4156,False,1.0,1020.0
4157,True,1.0,472.0
4158,False,1.0,72.0
4159,False,1.0,231.0
4160,False,1.0,71.0
4161,False,1.0,8173.0
4162,False,1.0,1331.0
4163,True,1.0,75.0
4164,False,1.0,6801.0
4165,False,1.0,14593.0
4166,True,5.0,7342.0
4167,False,5.0,478.0
4168,False,5.0,37.0
4169,False,5.0,233.0
4170,False,5.0,537.0
4171,False,5.0,11198.0
4172,False,5.0,15.0
4173,False,5.0,247.0
4174,False,5.0,7323.0
4175,False,5.0,2993.0
4176,False,5.0,25076.0
4177,False,5.0,732.0
4178,False,5.0,43.0
4179,False,5.0,1970.0
4180,False,5.0,59.0
4181,False,6.0,1262.0
4182,False,6.0,1871.0
4183,False,6.0,12517.0
4184,False,6.0,1029.0
4185,False,6.0,7344.0
4186,True,6.0,1802.0
4187,False,6.0,358.0
4188,False,6.0,427.0
4189,False,6.0,1942.0
4190,False,4.0,379.0
4191,False,4.0,730.0
4192,False,4.0,109.0
4193,False,4.0,623.0
4194,False,4.0,231.0
4195,False,4.0,979.0
4196,False,4.0,247.0
4197,False,4.0,40.0
4198,False,4.0,1942.0
4199,False,4.0,127.0
4200,False,4.0,11156.0
4201,True,4.0,21.0
4202,False,4.0,59.0
4203,False,4.0,19565.0
4204,False,4.0,1009.0
4205,False,4.0,12517.0
4206,False,4.0,3025.0
4207,False,4.0,500.0
4208,False,6.0,14593.0
4209,False,6.0,7342.0
4210,False,6.0,8173.0
4211,False,6.0,116.0
4212,False,6.0,1262.0
4213,False,6.0,1026.0
4214,False,6.0,358.0
4215,False,6.0,7346.0
4216,False,6.0,673.0
4217,False,6.0,1029.0
4218,False,6.0,11198.0
4219,False,6.0,7344.0
4220,False,6.0,974.0
4221,False,6.0,1802.0
4222,False,6.0,1331.0
4223,False,3.0,478.0
4224,False,3.0,37.0
4225,False,3.0,1887.0
4226,False,3.0,343.0
4227,False,3.0,559.0
4228,True,3.0,1352.0
4229,True,3.0,21.0
4230,False,5.0,128.0
4231,False,5.0,75.0
4232,False,5.0,1164.0
4233,False,5.0,127.0
4234,False,6.0,1871.0
4235,False,6.0,11198.0
4236,False,6.0,1331.0
4237,False,6.0,1942.0
4238,False,6.0,427.0
4239,False,6.0,7346.0
4240,False,6.0,7342.0
4241,True,6.0,1802.0
4242,False,6.0,12517.0
4243,False,6.0,116.0
4244,False,6.0,358.0
4245,False,6.0,1262.0
4246,False,6.0,7344.0
4247,False,6.0,8173.0
4248,False,6.0,974.0
4249,False,6.0,673.0
4250,False,6.0,1026.0
4251,False,4.0,529.0
4252,False,4.0,565.0
4253,False,4.0,15.0
4254,False,2.0,732.0
4255,False,2.0,730.0
4256,False,2.0,1262.0
4257,False,2.0,1942.0
4258,True,2.0,733.0
4259,True,2.0,21.0
4260,False,2.0,16.0
4261,False,2.0,1372.0
4262,True,2.0,7342.0
4263,False,2.0,1266.0
4264,False,2.0,124.0
4265,False,2.0,1011.0
4266,False,2.0,343.0
4267,False,2.0,1802.0
4268,False,2.0,623.0
4269,False,2.0,500.0
4270,True,2.0,472.0
4271,False,3.0,72.0
4272,False,3.0,15.0
4273,False,3.0,559.0
4274,False,3.0,673.0
4275,False,3.0,233.0
4276,False,3.0,2993.0
4277,False,3.0,1970.0
4278,False,3.0,14593.0
4279,False,3.0,1331.0
4280,False,3.0,231.0
4281,False,3.0,427.0
4282,False,4.0,1985.0
4283,True,4.0,109.0
4284,False,4.0,19560.0
4285,False,4.0,37.0
4286,False,4.0,12517.0
4287,False,4.0,1887.0
4288,False,4.0,127.0
4289,False,4.0,3025.0
4290,False,4.0,8173.0
4291,False,6.0,974.0
4292,False,6.0,1871.0
4293,False,6.0,7344.0
4294,False,6.0,116.0
4295,False,6.0,1029.0
4296,False,1.0,73.0
4297,False,3.0,1331.0
4298,False,3.0,1266.0
4299,False,3.0,7599.0
4300,True,3.0,21.0
4301,False,3.0,75.0
4302,False,3.0,25076.0
4303,False,3.0,533.0
4304,False,3.0,1887.0
4305,False,3.0,16.0
4306,False,3.0,72.0
4307,False,3.0,1262.0
4308,False,6.0,1029.0
4309,False,5.0,116.0
4310,False,5.0,7344.0
4311,False,5.0,7342.0
4312,False,5.0,2993.0
4313,False,4.0,559.0
4314,False,4.0,1011.0
4315,False,4.0,11156.0
4316,False,4.0,472.0
4317,False,4.0,1121.0
4318,False,4.0,43.0
4319,True,4.0,59.0
4320,False,4.0,19565.0
4321,False,3.0,1871.0
4322,False,3.0,533.0
4323,False,3.0,7344.0
4324,False,3.0,2993.0
4325,False,3.0,673.0
4326,False,1.0,14593.0
4327,False,1.0,1887.0
4328,False,6.0,358.0
4329,False,6.0,1029.0
4330,False,6.0,116.0
4331,False,5.0,11133.0
4332,False,5.0,622.0
4333,False,5.0,116.0
4334,False,5.0,1020.0
4335,False,5.0,1164.0
4336,True,6.0,7342.0
4337,False,6.0,12517.0
4338,False,6.0,14593.0
4339,False,6.0,1871.0
4340,False,6.0,1331.0
4341,False,6.0,1026.0
4342,False,6.0,1942.0
4343,False,6.0,11198.0
4344,False,6.0,8173.0
4345,False,6.0,1029.0
4346,False,6.0,673.0
4347,False,1.0,132.0
4348,False,1.0,1802.0
4349,False,1.0,1887.0
4350,False,1.0,16.0
4351,False,4.0,2993.0
4352,False,4.0,7351.0
4353,False,4.0,533.0
4354,False,4.0,7599.0
4355,False,4.0,11156.0
4356,False,4.0,7331.0
4357,False,4.0,40.0
4358,False,4.0,72.0
4359,False,4.0,247.0
4360,True,4.0,529.0
4361,False,4.0,19560.0
4362,False,6.0,12517.0
4363,False,6.0,7342.0
4364,False,6.0,11198.0
4365,False,6.0,1942.0
4366,False,6.0,1802.0
4367,False,6.0,1262.0
4368,False,6.0,358.0
4369,False,6.0,974.0
4370,False,2.0,501.0
4371,False,2.0,327.0
4372,False,2.0,1020.0
4373,False,2.0,132.0
4374,False,2.0,1266.0
4375,False,2.0,1011.0
4376,False,2.0,39.0
4377,False,2.0,73.0
4378,False,2.0,247.0
4379,False,2.0,960.0
4380,False,2.0,478.0
4381,False,2.0,1372.0
4382,False,2.0,7344.0
4383,False,2.0,124.0
4384,False,2.0,72.0
4385,False,2.0,730.0
4386,False,2.0,472.0
4387,False,3.0,1887.0
4388,False,3.0,533.0
4389,False,3.0,559.0
4390,False,4.0,75.0
4391,False,4.0,25076.0
4392,False,4.0,19565.0
4393,False,4.0,43.0
4394,True,4.0,379.0
4395,False,4.0,500.0
4396,False,4.0,431.0
4397,False,4.0,11156.0
4398,False,4.0,19560.0
4399,False,4.0,537.0
4400,False,4.0,2993.0
4401,False,3.0,1331.0
4402,False,3.0,1020.0
4403,False,3.0,15.0
4404,False,3.0,37.0
4405,False,3.0,16.0
4406,True,4.0,529.0
4407,True,3.0,231.0
4408,False,2.0,623.0
4409,False,2.0,1887.0
4410,False,2.0,7599.0
4411,False,2.0,622.0
4412,False,2.0,43.0
4413,False,2.0,500.0
4414,False,2.0,40.0
4415,False,2.0,533.0
4416,False,2.0,247.0
4417,False,2.0,73.0
4418,False,2.0,39.0
4419,False,2.0,501.0
4420,False,3.0,730.0
4421,False,1.0,40.0
4422,False,1.0,72.0
4423,False,1.0,121.0
4424,False,1.0,537.0
4425,False,1.0,2993.0
4426,False,1.0,1802.0
4427,False,1.0,960.0
4428,False,1.0,59.0
4429,False,1.0,1970.0
4430,False,1.0,478.0
4431,False,1.0,1164.0
4432,False,1.0,1020.0
4433,False,1.0,866.0
4434,False,1.0,38.0
4435,False,1.0,1887.0
4436,False,4.0,529.0
4437,False,4.0,128.0
4438,False,4.0,733.0
4439,False,4.0,231.0
4440,False,4.0,7323.0
4441,False,3.0,15.0
4442,False,3.0,72.0
4443,False,3.0,1011.0
4444,False,3.0,529.0
4445,False,3.0,8173.0
4446,False,3.0,16.0
4447,False,3.0,730.0
4448,False,3.0,1871.0
4449,False,3.0,533.0
4450,False,3.0,427.0
4451,False,3.0,545.0
4452,False,3.0,960.0
4453,False,4.0,19560.0
4454,False,4.0,1802.0
4455,False,4.0,7323.0
4456,False,4.0,7331.0
4457,False,4.0,623.0
4458,False,4.0,73.0
4459,False,4.0,71.0
4460,False,4.0,2993.0
4461,False,4.0,1266.0
4462,False,4.0,327.0
4463,False,4.0,109.0
4464,False,4.0,1970.0
4465,False,4.0,1942.0
4466,False,4.0,1020.0
4467,False,5.0,128.0
4468,False,5.0,11198.0
4469,True,5.0,622.0
4470,False,5.0,7599.0
4471,True,5.0,59.0
4472,False,5.0,12517.0
4473,False,5.0,2155.0
4474,False,5.0,6801.0
4475,True,5.0,673.0
4476,False,5.0,478.0
4477,False,5.0,11133.0
4478,False,5.0,1121.0
4479,False,5.0,1985.0
4480,False,1.0,40.0
4481,False,1.0,113.0
4482,False,1.0,75.0
4483,False,1.0,21.0
4484,False,3.0,21.0
4485,False,3.0,14593.0
4486,False,3.0,730.0
4487,False,3.0,673.0
4488,False,3.0,1942.0
4489,False,3.0,7351.0
4490,False,3.0,1331.0
4491,False,3.0,533.0
4492,True,3.0,1352.0
4493,False,3.0,1887.0
4494,True,3.0,733.0
4495,False,3.0,73.0
4496,False,3.0,1020.0
4497,False,3.0,75.0
4498,False,2.0,1985.0
4499,False,2.0,72.0
4500,False,2.0,529.0
4501,False,2.0,1802.0
4502,False,2.0,247.0
4503,False,2.0,1372.0
4504,False,2.0,38.0
4505,False,2.0,39.0
4506,False,2.0,71.0
4507,False,2.0,124.0
4508,False,2.0,16.0
4509,False,2.0,7599.0
4510,False,2.0,132.0
4511,False,4.0,7323.0
4512,False,4.0,623.0
4513,True,4.0,7342.0
4514,False,4.0,25076.0
4515,False,4.0,565.0
4516,False,4.0,559.0
4517,False,1.0,40.0
4518,False,1.0,478.0
4519,False,6.0,1262.0
4520,False,6.0,974.0
4521,False,6.0,116.0
4522,False,6.0,1871.0
4523,False,6.0,1029.0
4524,False,6.0,427.0
4525,False,6.0,8173.0
4526,False,6.0,1026.0
4527,False,6.0,1802.0
4528,False,6.0,1331.0
4529,False,6.0,8173.0
4530,False,6.0,14593.0
4531,False,6.0,11198.0
4532,False,6.0,1871.0
4533,False,6.0,1942.0
4534,False,6.0,7346.0
4535,False,6.0,1029.0
4536,False,6.0,116.0
4537,False,6.0,1262.0
4538,False,6.0,974.0
4539,True,6.0,673.0
4540,False,6.0,427.0
4541,False,6.0,1026.0
4542,False,6.0,7344.0
4543,False,6.0,358.0
4544,False,6.0,7342.0
4545,False,4.0,21.0
4546,False,4.0,545.0
4547,True,4.0,1352.0
4548,False,4.0,1266.0
4549,False,4.0,565.0
4550,False,4.0,15.0
4551,False,4.0,73.0
4552,True,4.0,109.0
4553,False,4.0,327.0
4554,False,4.0,732.0
4555,False,4.0,1887.0
4556,False,4.0,37.0
4557,False,1.0,2155.0
4558,False,1.0,2993.0
4559,False,1.0,247.0
4560,False,3.0,343.0
4561,False,3.0,537.0
4562,False,3.0,1020.0
4563,True,3.0,75.0
4564,False,3.0,733.0
4565,False,4.0,1352.0
4566,False,4.0,6801.0
4567,False,2.0,478.0
4568,False,2.0,71.0
4569,False,2.0,1372.0
4570,False,2.0,40.0
4571,False,2.0,529.0
4572,False,2.0,501.0
4573,False,2.0,59.0
4574,False,2.0,732.0
4575,False,2.0,533.0
4576,False,2.0,1020.0
4577,False,2.0,247.0
4578,False,5.0,2993.0
4579,False,5.0,8173.0
4580,True,5.0,109.0
4581,False,5.0,37.0
4582,False,5.0,1942.0
4583,False,5.0,434.0
4584,False,5.0,127.0
4585,False,5.0,7344.0
4586,False,5.0,559.0
4587,False,5.0,673.0
4588,False,5.0,960.0
4589,False,5.0,7323.0
4590,False,5.0,128.0
4591,True,6.0,1802.0
4592,False,6.0,7342.0
4593,False,6.0,14593.0
4594,False,6.0,1029.0
4595,False,6.0,358.0
4596,False,5.0,1887.0
4597,False,5.0,730.0
4598,False,5.0,1871.0
4599,False,5.0,1266.0
4600,False,5.0,124.0
4601,False,5.0,59.0
4602,False,5.0,2155.0
4603,False,5.0,7344.0
4604,True,5.0,622.0
4605,False,5.0,979.0
4606,False,5.0,434.0
4607,False,5.0,16.0
4608,False,5.0,1020.0
4609,True,4.0,379.0
4610,False,1.0,478.0
4611,False,1.0,1121.0
4612,False,1.0,537.0
4613,False,6.0,1029.0
4614,False,6.0,1942.0
4615,False,2.0,25076.0
4616,False,2.0,14593.0
4617,True,2.0,733.0
4618,False,2.0,623.0
4619,False,2.0,1262.0
4620,False,2.0,7342.0
4621,True,2.0,529.0
4622,False,2.0,73.0
4623,False,2.0,11133.0
4624,True,2.0,21.0
4625,False,4.0,1164.0
4626,False,4.0,1262.0
4627,False,4.0,247.0
4628,False,4.0,8173.0
4629,False,4.0,1266.0
4630,False,4.0,559.0
4631,False,6.0,1942.0
4632,False,6.0,974.0
4633,False,6.0,427.0
4634,False,6.0,116.0
4635,False,6.0,11198.0
4636,False,6.0,7344.0
4637,False,6.0,14593.0
4638,False,6.0,1029.0
4639,False,6.0,7342.0
4640,False,3.0,72.0
4641,False,3.0,7599.0
4642,True,3.0,673.0
4643,False,3.0,15.0
4644,False,3.0,478.0
4645,False,3.0,233.0
4646,True,3.0,733.0
4647,True,3.0,1352.0
4648,False,3.0,537.0
4649,False,1.0,979.0
4650,True,1.0,21.0
4651,False,1.0,1331.0
4652,False,1.0,73.0
4653,True,1.0,1802.0
4654,False,1.0,38.0
4655,False,1.0,121.0
4656,False,1.0,116.0
4657,False,1.0,12517.0
4658,False,1.0,124.0
4659,False,3.0,72.0
4660,False,3.0,233.0
4661,False,3.0,1262.0
4662,False,3.0,128.0
4663,False,3.0,16.0
4664,False,3.0,501.0
4665,False,3.0,533.0
4666,False,3.0,127.0
4667,False,3.0,427.0
4668,False,3.0,247.0
4669,False,3.0,7323.0
4670,False,3.0,1011.0
4671,False,3.0,545.0
4672,False,3.0,960.0
4673,False,3.0,8173.0
4674,False,5.0,7351.0
4675,False,5.0,730.0
4676,False,6.0,358.0
4677,False,6.0,1942.0
4678,False,6.0,11198.0
4679,False,6.0,974.0
4680,False,6.0,1871.0
4681,True,4.0,529.0
4682,False,4.0,565.0
4683,True,4.0,109.0
4684,False,4.0,1121.0
4685,False,4.0,343.0
4686,False,3.0,1020.0
4687,False,3.0,730.0
4688,False,3.0,247.0
4689,False,3.0,559.0
4690,False,3.0,1871.0
4691,False,3.0,501.0
4692,False,3.0,1887.0
4693,True,3.0,1352.0
4694,True,3.0,127.0
4695,False,3.0,343.0
4696,False,3.0,427.0
4697,False,3.0,537.0
4698,False,3.0,7351.0
4699,False,2.0,40.0
4700,False,2.0,623.0
4701,True,2.0,472.0
4702,False,2.0,37.0
4703,True,5.0,11133.0
4704,False,3.0,1970.0
4705,False,3.0,529.0
4706,False,3.0,537.0
4707,False,3.0,733.0
4708,False,3.0,72.0
4709,False,3.0,233.0
4710,False,6.0,358.0
4711,True,6.0,7342.0
4712,False,6.0,427.0
4713,False,6.0,1262.0
4714,False,6.0,1802.0
4715,False,6.0,1942.0
4716,False,6.0,1331.0
4717,False,6.0,116.0
4718,False,1.0,121.0
4719,False,1.0,11198.0
4720,False,1.0,960.0
4721,False,6.0,1331.0
4722,False,6.0,11198.0
4723,False,6.0,1942.0
4724,False,6.0,1262.0
4725,False,6.0,673.0
4726,False,6.0,1802.0
4727,False,6.0,427.0
4728,False,6.0,14593.0
4729,False,6.0,1871.0
4730,False,6.0,116.0
4731,True,6.0,7342.0
4732,False,6.0,7344.0
4733,False,6.0,7346.0
4734,False,6.0,974.0
4735,False,6.0,1029.0
4736,False,6.0,358.0
4737,False,3.0,113.0
4738,False,3.0,7323.0
4739,False,3.0,960.0
4740,False,3.0,247.0
4741,False,3.0,478.0
4742,False,3.0,1020.0
4743,False,3.0,37.0
4744,False,3.0,128.0
4745,False,3.0,559.0
4746,False,5.0,537.0
4747,False,5.0,7351.0
4748,False,5.0,2155.0
4749,True,5.0,21.0
4750,False,5.0,11133.0
4751,True,5.0,472.0
4752,False,5.0,2993.0
4753,False,5.0,1011.0
4754,False,4.0,431.0
4755,False,4.0,25076.0
4756,False,4.0,327.0
4757,False,4.0,623.0
4758,False,4.0,538.0
4759,False,4.0,501.0
4760,True,4.0,2207.0
4761,False,4.0,1331.0
4762,False,4.0,12517.0
4763,False,6.0,8173.0
4764,False,6.0,7344.0
4765,False,6.0,1871.0
4766,False,6.0,358.0
4767,True,6.0,7342.0
4768,False,6.0,1026.0
4769,False,6.0,427.0
4770,False,6.0,1029.0
4771,False,6.0,1262.0
4772,False,6.0,14593.0
4773,False,6.0,11198.0
4774,False,2.0,623.0
4775,False,2.0,343.0
4776,False,2.0,7599.0
4777,False,2.0,1266.0
4778,False,2.0,1942.0
4779,True,2.0,59.0
4780,False,2.0,979.0
4781,False,2.0,71.0
4782,False,2.0,960.0
4783,False,2.0,3025.0
4784,True,2.0,472.0
4785,False,2.0,478.0
4786,False,2.0,16.0
4787,False,2.0,537.0
4788,False,2.0,40.0
4789,False,1.0,732.0
4790,False,1.0,132.0
4791,False,1.0,73.0
4792,False,1.0,537.0
4793,False,1.0,960.0
4794,False,1.0,866.0
4795,False,1.0,472.0
4796,False,1.0,113.0
4797,True,1.0,529.0
4798,False,1.0,622.0
4799,False,1.0,2155.0
4800,False,3.0,14593.0
4801,False,3.0,478.0
4802,True,3.0,733.0
4803,False,3.0,7351.0
4804,False,3.0,75.0
4805,False,3.0,673.0
4806,False,3.0,16.0
4807,False,3.0,7323.0
4808,True,3.0,231.0
4809,False,3.0,559.0
4810,False,3.0,7344.0
4811,False,3.0,1887.0
4812,False,3.0,15.0
4813,False,3.0,343.0
4814,False,3.0,40.0
4815,False,5.0,43.0
4816,False,5.0,124.0
4817,False,2.0,1011.0
4818,False,2.0,39.0
4819,False,2.0,979.0
4820,False,2.0,37.0
4821,False,2.0,730.0
4822,False,2.0,59.0
4823,False,2.0,1372.0
4824,False,2.0,533.0
4825,False,2.0,1802.0
4826,False,2.0,327.0
4827,False,2.0,7342.0
4828,False,4.0,1985.0
4829,False,4.0,1942.0
4830,False,4.0,1871.0
4831,False,6.0,1331.0
4832,False,6.0,974.0
4833,False,6.0,358.0
4834,False,6.0,1262.0
4835,False,6.0,12517.0
4836,False,6.0,11198.0
4837,False,6.0,8173.0
4838,False,6.0,1026.0
4839,False,6.0,1029.0
4840,False,6.0,1942.0
4841,False,6.0,673.0
4842,False,6.0,1026.0
4843,False,6.0,8173.0
4844,False,6.0,1331.0
4845,False,4.0,7342.0
4846,False,4.0,529.0
4847,False,4.0,551.0
4848,False,4.0,16.0
4849,False,4.0,12517.0
4850,False,4.0,2207.0
4851,False,4.0,71.0
4852,False,4.0,1266.0
4853,False,4.0,39.0
4854,False,4.0,25076.0
4855,False,4.0,1802.0
4856,False,4.0,533.0
4857,False,4.0,623.0
4858,False,4.0,512.0
4859,False,4.0,37.0
4860,False,4.0,1121.0
4861,False,1.0,7344.0
4862,False,1.0,116.0
4863,True,1.0,21.0
4864,False,1.0,478.0
4865,False,1.0,2155.0
4866,False,1.0,1887.0
4867,False,1.0,6801.0
4868,False,3.0,233.0
4869,True,3.0,733.0
4870,False,3.0,501.0
4871,False,3.0,1887.0
4872,False,3.0,730.0
4873,False,5.0,545.0
4874,True,1.0,109.0
4875,False,1.0,1262.0
4876,True,1.0,75.0
4877,False,4.0,16.0
4878,False,4.0,565.0
4879,False,4.0,1970.0
4880,False,4.0,623.0
4881,True,4.0,472.0
4882,False,4.0,7599.0
4883,False,4.0,7342.0
4884,True,4.0,231.0
4885,True,4.0,2207.0
4886,False,4.0,1802.0
4887,False,4.0,71.0
4888,False,4.0,1942.0
4889,False,4.0,979.0
4890,False,4.0,6801.0
4891,False,5.0,732.0
4892,False,5.0,7599.0
4893,False,5.0,1121.0
4894,False,5.0,960.0
4895,False,5.0,15.0
4896,False,5.0,6801.0
4897,False,5.0,545.0
4898,False,5.0,40.0
4899,False,5.0,537.0
4900,False,5.0,500.0
4901,False,5.0,730.0
4902,False,5.0,73.0
4903,False,5.0,1011.0
4904,False,2.0,1262.0
4905,False,2.0,733.0
4906,False,2.0,132.0
4907,False,2.0,1985.0
4908,False,2.0,343.0
4909,False,2.0,623.0
4910,False,1.0,11198.0
4911,False,1.0,231.0
4912,True,1.0,109.0
4913,False,1.0,1164.0
4914,False,1.0,2155.0
4915,False,1.0,116.0
4916,False,1.0,478.0
4917,False,1.0,12517.0
4918,False,1.0,16.0
4919,False,1.0,72.0
4920,False,6.0,14593.0
4921,False,6.0,7346.0
4922,False,6.0,358.0
4923,True,6.0,7342.0
4924,False,6.0,1942.0
4925,False,4.0,8173.0
4926,False,4.0,551.0
4927,False,4.0,21.0
4928,False,4.0,2993.0
4929,False,4.0,559.0
4930,False,4.0,233.0
4931,False,4.0,1020.0
4932,False,4.0,431.0
4933,False,4.0,38.0
4934,False,4.0,512.0
4935,False,4.0,1970.0
4936,False,4.0,7351.0
4937,True,4.0,59.0
4938,False,1.0,121.0
4939,False,1.0,1164.0
4940,False,1.0,2155.0
4941,False,1.0,979.0
4942,False,1.0,14593.0
4943,False,1.0,12517.0
4944,True,1.0,231.0
4945,False,1.0,16.0
4946,False,1.0,1020.0
4947,False,1.0,37.0
4948,False,1.0,1121.0
4949,True,1.0,529.0
4950,False,1.0,501.0
4951,False,1.0,960.0
4952,False,1.0,132.0
4953,False,1.0,1887.0
4954,False,4.0,1262.0
4955,False,1.0,231.0
4956,False,1.0,14593.0
4957,False,1.0,472.0
4958,False,4.0,1266.0
4959,False,4.0,16.0
4960,False,4.0,7323.0
4961,False,4.0,501.0
4962,False,5.0,40.0
4963,False,5.0,39.0
4964,False,5.0,75.0
4965,False,5.0,1970.0
4966,True,5.0,673.0
4967,False,5.0,343.0
4968,True,5.0,127.0
4969,False,5.0,233.0
4970,False,5.0,622.0
4971,True,3.0,733.0
4972,False,3.0,7351.0
4973,False,3.0,37.0
4974,False,3.0,427.0
4975,False,3.0,7599.0
4976,False,3.0,14593.0
4977,False,3.0,2993.0
4978,False,3.0,730.0
4979,False,3.0,1011.0
4980,False,3.0,545.0
4981,False,3.0,8173.0
4982,False,3.0,25076.0
4983,False,3.0,1352.0
4984,False,3.0,1331.0
4985,False,6.0,116.0
4986,False,6.0,1262.0
4987,False,6.0,974.0
4988,False,6.0,12517.0
4989,True,1.0,59.0
4990,False,1.0,6801.0
4991,False,5.0,116.0
4992,False,5.0,343.0
4993,False,5.0,545.0
4994,False,5.0,8173.0
4995,False,5.0,7599.0
4996,False,5.0,12517.0
4997,True,5.0,529.0
4998,False,5.0,39.0
4999,False,3.0,501.0
5000,False,2.0,732.0
5001,False,2.0,1372.0
5002,False,6.0,7346.0
5003,False,6.0,7342.0
5004,False,6.0,427.0
5005,False,6.0,14593.0
5006,False,4.0,559.0
5007,False,4.0,1009.0
5008,False,4.0,233.0
5009,False,4.0,434.0
5010,False,4.0,11198.0
5011,False,4.0,960.0
5012,False,4.0,673.0
5013,False,5.0,1887.0
5014,True,5.0,622.0
5015,False,5.0,25076.0
5016,False,5.0,979.0
5017,False,5.0,75.0
5018,False,5.0,6801.0
5019,False,5.0,529.0
5020,False,5.0,7342.0
5021,False,5.0,1871.0
5022,False,5.0,7323.0
5023,False,5.0,38.0
5024,False,5.0,15.0
5025,False,5.0,43.0
5026,False,5.0,500.0
5027,False,4.0,960.0
5028,False,4.0,16.0
5029,False,4.0,1262.0
5030,False,4.0,533.0
5031,False,4.0,1020.0
5032,False,4.0,1266.0
5033,False,4.0,128.0
5034,False,4.0,113.0
5035,False,4.0,109.0
5036,False,1.0,121.0
5037,False,1.0,501.0
5038,True,1.0,21.0
5039,True,1.0,673.0
5040,False,2.0,7599.0
5041,False,2.0,247.0
5042,False,2.0,1372.0
5043,False,2.0,1985.0
5044,False,2.0,132.0
5045,False,3.0,730.0
5046,True,3.0,231.0
5047,False,3.0,37.0
5048,True,3.0,127.0
5049,False,3.0,7344.0
5050,False,3.0,14593.0
5051,False,3.0,7351.0
5052,False,6.0,116.0
5053,False,6.0,8173.0
5054,False,6.0,1942.0
5055,False,5.0,1970.0
5056,False,5.0,71.0
5057,True,5.0,59.0
5058,False,5.0,40.0
5059,False,5.0,529.0
5060,True,5.0,127.0
5061,False,5.0,960.0
5062,False,5.0,8173.0
5063,False,5.0,128.0
5064,False,5.0,478.0
5065,False,5.0,1942.0
5066,False,5.0,343.0
5067,False,5.0,7351.0
5068,False,5.0,538.0
5069,False,5.0,545.0
5070,False,5.0,38.0
5071,False,5.0,1262.0
5072,False,4.0,1331.0
5073,False,4.0,3025.0
5074,False,4.0,2155.0
5075,False,4.0,19560.0
5076,False,2.0,1372.0
5077,True,2.0,21.0
5078,False,3.0,1871.0
5079,False,3.0,16.0
5080,True,3.0,231.0
5081,False,3.0,15.0
5082,False,3.0,1011.0
5083,False,3.0,730.0
5084,False,3.0,14593.0
5085,False,3.0,537.0
5086,False,3.0,673.0
5087,False,3.0,501.0
5088,False,3.0,72.0
5089,False,3.0,75.0
5090,False,6.0,1262.0
5091,False,6.0,116.0
5092,False,6.0,11198.0
5093,False,2.0,72.0
5094,False,2.0,39.0
5095,False,2.0,1266.0
5096,False,2.0,124.0
5097,False,2.0,25076.0
5098,False,2.0,472.0
5099,False,2.0,732.0
5100,False,2.0,529.0
5101,False,2.0,622.0
5102,False,2.0,343.0
5103,False,2.0,1372.0
5104,False,2.0,3025.0
5105,False,2.0,500.0
5106,False,2.0,21.0
5107,False,2.0,11133.0
5108,False,2.0,501.0
5109,False,3.0,15.0
5110,False,3.0,1942.0
5111,True,3.0,733.0
5112,True,3.0,127.0
5113,False,3.0,40.0
5114,False,3.0,2993.0
5115,False,3.0,1020.0
5116,False,5.0,538.0
5117,False,5.0,529.0
5118,False,5.0,40.0
5119,False,5.0,7599.0
5120,False,5.0,1871.0
5121,False,5.0,59.0
5122,False,4.0,7351.0
5123,False,4.0,1011.0
5124,False,4.0,1164.0
5125,False,4.0,434.0
5126,True,4.0,75.0
5127,False,4.0,2993.0
5128,False,4.0,3025.0
5129,False,4.0,233.0
5130,True,4.0,127.0
5131,False,4.0,43.0
5132,False,4.0,16.0
5133,False,4.0,113.0
5134,False,4.0,545.0
5135,False,4.0,979.0
5136,False,4.0,6801.0
5137,False,2.0,623.0
5138,False,2.0,37.0
5139,False,2.0,1262.0
5140,True,6.0,7342.0
5141,False,6.0,8173.0
5142,False,6.0,1331.0
5143,False,6.0,974.0
5144,True,6.0,673.0
5145,False,6.0,14593.0
5146,False,6.0,1029.0
5147,False,6.0,7344.0
5148,False,6.0,1942.0
5149,False,6.0,1026.0
5150,False,6.0,358.0
5151,False,6.0,427.0
5152,True,6.0,1802.0
5153,False,3.0,478.0
5154,False,3.0,501.0
5155,False,3.0,25076.0
5156,False,3.0,537.0
5157,False,3.0,533.0
5158,False,3.0,559.0
5159,False,3.0,1266.0
5160,True,3.0,733.0
5161,False,1.0,472.0
5162,False,1.0,12517.0
5163,False,1.0,11198.0
5164,False,1.0,109.0
5165,True,1.0,21.0
5166,False,5.0,11198.0
5167,False,5.0,623.0
5168,False,5.0,37.0
5169,False,5.0,979.0
5170,True,5.0,622.0
5171,False,5.0,7599.0
5172,False,5.0,40.0
5173,False,5.0,247.0
5174,False,5.0,128.0
5175,False,5.0,7351.0
5176,True,6.0,7342.0
5177,False,6.0,1026.0
5178,False,6.0,974.0
5179,False,6.0,358.0
5180,False,6.0,12517.0
5181,False,6.0,116.0
5182,False,6.0,7344.0
5183,False,6.0,1942.0
5184,False,6.0,1262.0
5185,False,6.0,7346.0
5186,False,6.0,14593.0
5187,False,6.0,1331.0
5188,True,6.0,673.0
5189,False,6.0,427.0
5190,False,6.0,8173.0
5191,False,6.0,1802.0
5192,False,6.0,1871.0
5193,True,4.0,1352.0
5194,False,4.0,960.0
5195,False,2.0,72.0
5196,False,2.0,501.0
5197,False,2.0,39.0
5198,False,2.0,732.0
5199,False,4.0,512.0
5200,False,4.0,434.0
5201,False,4.0,512.0
5202,False,5.0,113.0
5203,False,5.0,7344.0
5204,False,5.0,1262.0
5205,False,5.0,533.0
5206,True,5.0,434.0
5207,False,5.0,730.0
5208,False,5.0,72.0
5209,False,5.0,1970.0
5210,False,5.0,73.0
5211,False,5.0,559.0
5212,False,5.0,623.0
5213,False,5.0,1121.0
5214,False,5.0,529.0
5215,False,1.0,8173.0
5216,False,1.0,500.0
5217,False,1.0,537.0
5218,False,6.0,1331.0
5219,False,5.0,623.0
5220,False,5.0,12517.0
5221,False,5.0,533.0
5222,False,3.0,559.0
5223,False,3.0,40.0
5224,False,3.0,72.0
5225,False,3.0,7323.0
5226,False,4.0,732.0
5227,False,4.0,1871.0
5228,False,4.0,19560.0
5229,False,4.0,730.0
5230,False,6.0,1029.0
5231,False,6.0,974.0
5232,False,1.0,538.0
5233,False,1.0,1011.0
5234,False,5.0,7344.0
5235,False,5.0,7342.0
5236,False,5.0,2155.0
5237,False,5.0,623.0
5238,False,5.0,43.0
5239,True,5.0,75.0
5240,False,5.0,478.0
5241,False,5.0,1942.0
5242,False,5.0,960.0
5243,False,5.0,38.0
5244,False,5.0,11198.0
5245,False,5.0,15.0
5246,False,1.0,113.0
5247,False,1.0,73.0
5248,True,1.0,59.0
5249,False,1.0,529.0
5250,False,1.0,1262.0
5251,False,1.0,673.0
5252,False,1.0,732.0
5253,False,1.0,979.0
5254,False,1.0,537.0
5255,False,1.0,866.0
5256,False,1.0,472.0
5257,False,2.0,730.0
5258,False,2.0,1887.0
5259,False,2.0,21.0
5260,False,2.0,1985.0
5261,False,2.0,247.0
5262,False,2.0,37.0
5263,False,2.0,500.0
5264,False,2.0,1020.0
5265,False,3.0,16.0
5266,False,3.0,1331.0
5267,False,3.0,14593.0
5268,False,3.0,7351.0
5269,False,3.0,7599.0
5270,False,3.0,1970.0
5271,False,3.0,427.0
5272,False,6.0,12517.0
5273,False,6.0,1029.0
5274,False,6.0,1802.0
5275,False,6.0,358.0
5276,False,6.0,1026.0
5277,False,4.0,501.0
5278,False,4.0,6801.0
5279,False,4.0,71.0
5280,False,4.0,379.0
5281,False,4.0,2993.0
5282,True,1.0,109.0
5283,False,1.0,733.0
5284,False,1.0,960.0
5285,True,5.0,472.0
5286,False,5.0,1372.0
5287,False,5.0,1985.0
5288,False,5.0,124.0
5289,False,6.0,1262.0
5290,False,6.0,12517.0
5291,False,6.0,358.0
5292,False,6.0,673.0
5293,False,6.0,1802.0
5294,False,6.0,11198.0
5295,False,6.0,1331.0
5296,False,6.0,116.0
5297,False,6.0,1942.0
5298,False,6.0,8173.0
5299,False,6.0,974.0
5300,False,6.0,1029.0
5301,False,6.0,1871.0
5302,False,6.0,427.0
5303,False,6.0,1026.0
5304,True,3.0,231.0
5305,False,2.0,1802.0
5306,False,2.0,14593.0
5307,False,2.0,533.0
5308,False,2.0,1266.0
5309,False,4.0,1871.0
5310,False,4.0,623.0
5311,False,4.0,1011.0
5312,False,4.0,733.0
5313,False,5.0,1331.0
5314,False,5.0,109.0
5315,False,5.0,730.0
5316,False,5.0,545.0
5317,False,5.0,2993.0
5318,False,5.0,75.0
5319,False,5.0,1970.0
5320,False,5.0,7351.0
5321,True,5.0,7342.0
5322,False,5.0,72.0
5323,False,5.0,1985.0
5324,False,5.0,559.0
5325,False,5.0,7323.0
5326,False,5.0,1887.0
5327,False,5.0,622.0
5328,True,3.0,529.0
5329,False,3.0,231.0
5330,False,3.0,8173.0
5331,False,3.0,16.0
5332,True,3.0,1352.0
5333,False,3.0,1262.0
5334,False,3.0,7344.0
5335,False,3.0,247.0
5336,False,3.0,1020.0
5337,True,1.0,231.0
5338,False,1.0,11198.0
5339,False,1.0,121.0
5340,True,4.0,379.0
5341,False,4.0,529.0
5342,False,4.0,1942.0
5343,False,4.0,1009.0
5344,False,4.0,8173.0
5345,True,4.0,673.0
5346,False,4.0,500.0
5347,False,4.0,1985.0
5348,True,4.0,75.0
5349,False,4.0,343.0
5350,False,4.0,6801.0
5351,False,4.0,512.0
5352,False,4.0,7323.0
5353,False,4.0,472.0
5354,False,4.0,247.0
5355,False,4.0,960.0
5356,False,4.0,1942.0
5357,False,4.0,327.0
5358,False,4.0,533.0
5359,False,4.0,1871.0
5360,True,4.0,75.0
5361,True,4.0,127.0
5362,False,4.0,25076.0
5363,False,4.0,1011.0
5364,False,4.0,559.0
5365,False,4.0,1009.0
5366,False,1.0,478.0
5367,False,1.0,2155.0
5368,False,1.0,113.0
5369,False,1.0,14593.0
5370,False,1.0,1020.0
5371,False,1.0,1164.0
5372,False,1.0,233.0
5373,False,1.0,1887.0
5374,False,5.0,1985.0
5375,True,5.0,733.0
5376,True,5.0,673.0
5377,False,5.0,1011.0
5378,True,5.0,7342.0
5379,False,5.0,501.0
5380,False,6.0,11198.0
5381,False,6.0,427.0
5382,False,6.0,1262.0
5383,False,6.0,12517.0
5384,False,6.0,1942.0
5385,False,6.0,358.0
5386,False,6.0,7344.0
5387,False,6.0,1029.0
5388,False,6.0,1331.0
5389,False,6.0,1026.0
5390,False,6.0,1871.0
5391,False,6.0,8173.0
5392,False,6.0,1802.0
5393,False,6.0,7346.0
5394,False,6.0,974.0
5395,False,3.0,7351.0
5396,False,3.0,8173.0
5397,False,3.0,7323.0
5398,False,3.0,537.0
5399,False,3.0,7599.0
5400,False,3.0,1331.0
5401,False,3.0,113.0
5402,False,3.0,73.0
5403,False,3.0,15.0
5404,False,3.0,1262.0
5405,False,3.0,559.0
5406,False,3.0,128.0
5407,False,3.0,1871.0
5408,False,3.0,40.0
5409,False,3.0,1970.0
5410,False,5.0,7344.0
5411,False,5.0,21.0
5412,False,5.0,7599.0
5413,False,5.0,127.0
5414,False,5.0,478.0
5415,False,5.0,538.0
5416,False,5.0,1970.0
5417,False,5.0,730.0
5418,False,5.0,960.0
5419,False,5.0,545.0
5420,True,5.0,434.0
5421,False,5.0,559.0
5422,False,5.0,15.0
5423,False,5.0,343.0
5424,False,3.0,113.0
5425,False,3.0,1871.0
5426,False,3.0,533.0
5427,False,3.0,1331.0
5428,False,2.0,38.0
5429,True,2.0,7342.0
5430,False,2.0,1985.0
5431,False,2.0,59.0
5432,False,2.0,623.0
5433,False,2.0,1887.0
5434,False,2.0,14593.0
5435,False,2.0,1942.0
5436,False,2.0,500.0
5437,False,2.0,529.0
5438,False,1.0,247.0
5439,False,1.0,233.0
5440,True,1.0,231.0
5441,False,1.0,124.0
5442,False,1.0,1802.0
5443,False,1.0,116.0
5444,False,1.0,12517.0
5445,False,1.0,2155.0
5446,False,1.0,11198.0
5447,False,1.0,2993.0
5448,False,1.0,673.0
5449,False,1.0,121.0
5450,False,1.0,732.0
5451,False,4.0,431.0
5452,True,4.0,472.0
5453,False,4.0,6801.0
5454,True,4.0,75.0
5455,False,4.0,537.0
5456,False,4.0,1164.0
5457,False,4.0,1011.0
5458,False,6.0,1262.0
5459,False,6.0,1026.0
5460,False,6.0,7344.0
5461,False,6.0,8173.0
5462,False,6.0,427.0
5463,False,6.0,7346.0
5464,False,6.0,358.0
5465,False,6.0,427.0
5466,False,6.0,1029.0
5467,False,6.0,974.0
5468,False,6.0,8173.0
5469,False,6.0,1871.0
5470,False,6.0,1331.0
5471,False,6.0,7346.0
5472,True,6.0,673.0
5473,False,6.0,1262.0
5474,False,6.0,14593.0
5475,False,6.0,1942.0
5476,False,6.0,1802.0
5477,True,6.0,7342.0
5478,False,2.0,16.0
5479,False,2.0,501.0
5480,False,5.0,1121.0
5481,False,6.0,14593.0
5482,False,6.0,1029.0
5483,True,6.0,1802.0
5484,False,6.0,1262.0
5485,True,6.0,673.0
5486,False,6.0,427.0
5487,False,6.0,1026.0
5488,False,6.0,11198.0
5489,False,6.0,1871.0
5490,False,6.0,1331.0
5491,False,6.0,12517.0
5492,False,6.0,116.0
5493,False,6.0,8173.0
5494,False,2.0,7599.0
5495,False,4.0,1011.0
5496,False,4.0,73.0
5497,True,4.0,11133.0
5498,False,4.0,37.0
5499,True,4.0,2207.0
5500,False,4.0,623.0
5501,False,4.0,537.0
5502,False,4.0,247.0
5503,False,4.0,233.0
5504,False,4.0,979.0
5505,False,4.0,7323.0
5506,False,4.0,501.0
5507,False,1.0,2155.0
5508,False,2.0,500.0
5509,False,2.0,1802.0
5510,False,2.0,327.0
5511,False,2.0,1985.0
5512,False,2.0,343.0
5513,False,2.0,40.0
5514,False,2.0,38.0
5515,False,2.0,21.0
5516,False,2.0,59.0
5517,False,2.0,478.0
5518,True,2.0,622.0
5519,False,2.0,1331.0
5520,False,1.0,124.0
5521,False,1.0,73.0
5522,False,1.0,733.0
5523,False,1.0,472.0
5524,False,4.0,39.0
5525,False,4.0,8173.0
5526,False,4.0,37.0
5527,True,4.0,379.0
5528,False,4.0,501.0
5529,False,4.0,559.0
5530,False,4.0,7323.0
5531,False,4.0,113.0
5532,False,4.0,538.0
5533,False,4.0,109.0
5534,False,4.0,1011.0
5535,False,4.0,960.0
5536,False,4.0,231.0
5537,False,6.0,7346.0
5538,False,6.0,11198.0
5539,False,6.0,7344.0
5540,False,6.0,1026.0
5541,False,6.0,1942.0
5542,False,6.0,1029.0
5543,False,6.0,1871.0
5544,False,6.0,427.0
5545,False,6.0,974.0
5546,False,6.0,673.0
5547,False,6.0,12517.0
5548,False,6.0,358.0
5549,True,6.0,7342.0
5550,False,6.0,14593.0
5551,False,3.0,1020.0
5552,False,3.0,533.0
5553,False,3.0,127.0
5554,False,5.0,15.0
5555,False,2.0,623.0
5556,False,2.0,3025.0
5557,False,2.0,730.0
5558,False,2.0,1011.0
5559,False,2.0,1331.0
5560,False,2.0,1942.0
5561,False,2.0,1266.0
5562,False,2.0,25076.0
5563,False,2.0,732.0
5564,False,2.0,478.0
5565,False,2.0,14593.0
5566,False,2.0,501.0
5567,False,4.0,38.0
5568,False,4.0,39.0
5569,False,4.0,559.0
5570,False,4.0,12517.0
5571,False,4.0,7599.0
5572,False,4.0,500.0
5573,False,4.0,15.0
5574,False,4.0,2155.0
5575,True,4.0,2207.0
5576,False,4.0,1985.0
5577,True,4.0,529.0
5578,False,4.0,247.0
5579,False,4.0,545.0
5580,False,4.0,37.0
5581,False,4.0,1970.0
5582,False,4.0,327.0
5583,False,5.0,7323.0
5584,False,5.0,127.0
5585,True,5.0,733.0
5586,False,6.0,11198.0
5587,False,6.0,116.0
5588,False,6.0,8173.0
5589,False,6.0,1026.0
5590,False,6.0,7344.0
5591,False,6.0,7346.0
5592,False,6.0,974.0
5593,False,6.0,427.0
5594,False,6.0,7342.0
5595,False,6.0,1029.0
5596,False,6.0,673.0
5597,False,6.0,11198.0
5598,True,6.0,7342.0
5599,True,6.0,1802.0
5600,False,6.0,7344.0
5601,False,6.0,14593.0
5602,False,6.0,1942.0
5603,False,6.0,8173.0
5604,False,5.0,124.0
5605,False,5.0,7351.0
5606,False,5.0,233.0
5607,False,5.0,39.0
5608,False,5.0,500.0
5609,False,5.0,3025.0
5610,True,5.0,11133.0
5611,False,5.0,116.0
5612,False,5.0,537.0
5613,False,5.0,434.0
5614,False,5.0,25076.0
5615,False,5.0,73.0
5616,True,3.0,127.0
5617,False,3.0,1262.0
5618,False,3.0,1887.0
5619,False,3.0,501.0
5620,False,3.0,960.0
5621,False,3.0,1331.0
5622,False,3.0,1970.0
5623,False,3.0,231.0
5624,False,4.0,109.0
5625,False,4.0,2155.0
5626,False,4.0,1970.0
5627,True,4.0,21.0
5628,False,4.0,127.0
5629,False,4.0,500.0
5630,False,4.0,559.0
5631,False,4.0,512.0
5632,False,4.0,533.0
5633,False,4.0,427.0
5634,False,4.0,551.0
5635,False,1.0,121.0
5636,False,3.0,233.0
5637,False,3.0,1262.0
5638,False,3.0,1871.0
5639,False,3.0,16.0
5640,True,3.0,231.0
5641,False,3.0,7599.0
5642,False,3.0,37.0
5643,False,6.0,1942.0
5644,False,6.0,358.0
5645,False,6.0,7342.0
5646,False,6.0,1802.0
5647,False,4.0,40.0
5648,False,4.0,2155.0
5649,False,4.0,1121.0
5650,False,4.0,538.0
5651,True,4.0,127.0
5652,True,4.0,733.0
5653,False,2.0,960.0
5654,False,2.0,124.0
5655,False,2.0,1887.0
5656,False,2.0,39.0
5657,True,2.0,11133.0
5658,False,2.0,247.0
5659,False,2.0,73.0
5660,False,2.0,1985.0
5661,False,6.0,14593.0
5662,False,6.0,1871.0
5663,False,6.0,12517.0
5664,False,4.0,434.0
5665,True,4.0,1352.0
5666,False,4.0,1887.0
5667,False,4.0,247.0
5668,False,4.0,1331.0
5669,True,4.0,472.0
5670,False,4.0,2993.0
5671,False,4.0,7331.0
5672,False,4.0,19565.0
5673,False,4.0,979.0
5674,True,4.0,75.0
5675,False,4.0,231.0
5676,False,4.0,379.0
5677,False,6.0,12517.0
5678,True,6.0,7342.0
5679,False,6.0,116.0
5680,False,6.0,7346.0
5681,False,6.0,1802.0
5682,False,6.0,1942.0
5683,False,6.0,427.0
5684,False,6.0,1262.0
5685,False,6.0,14593.0
5686,False,6.0,7344.0
5687,False,6.0,8173.0
5688,False,6.0,11198.0
5689,False,6.0,358.0
5690,False,6.0,1871.0
5691,False,6.0,1026.0
5692,True,6.0,673.0
5693,False,6.0,974.0
5694,False,1.0,132.0
5695,False,1.0,343.0
5696,False,1.0,38.0
5697,False,1.0,1011.0
5698,False,1.0,1970.0
5699,False,1.0,622.0
5700,False,1.0,37.0
5701,False,1.0,1331.0
5702,False,1.0,960.0
5703,False,1.0,1887.0
5704,False,1.0,12517.0
5705,False,1.0,1262.0
5706,False,1.0,478.0
5707,True,1.0,75.0
5708,False,1.0,732.0
5709,False,1.0,1164.0
5710,False,1.0,11198.0
5711,False,1.0,73.0
5712,False,4.0,533.0
5713,False,4.0,6801.0
5714,False,4.0,8173.0
5715,False,4.0,472.0
5716,False,4.0,673.0
5717,False,4.0,7323.0
5718,False,4.0,730.0
5719,False,4.0,71.0
5720,False,3.0,14593.0
5721,False,3.0,1942.0
5722,False,2.0,124.0
5723,False,2.0,979.0
5724,False,2.0,1011.0
5725,False,2.0,37.0
5726,False,2.0,529.0
5727,False,2.0,623.0
5728,False,2.0,1942.0
5729,False,2.0,71.0
5730,False,3.0,545.0
5731,False,3.0,40.0
5732,False,3.0,7323.0
5733,False,3.0,1266.0
5734,False,3.0,16.0
5735,False,3.0,1871.0
5736,True,3.0,1352.0
5737,False,3.0,1331.0
5738,False,6.0,7344.0
5739,False,6.0,116.0
5740,True,6.0,1802.0
5741,False,6.0,427.0
5742,False,6.0,358.0
5743,False,6.0,11198.0
5744,False,6.0,1262.0
5745,False,6.0,1026.0
5746,False,6.0,12517.0
5747,False,5.0,472.0
5748,False,5.0,730.0
5749,False,5.0,1164.0
5750,False,5.0,233.0
5751,False,5.0,72.0
5752,False,5.0,128.0
5753,False,5.0,343.0
5754,False,5.0,733.0
5755,True,5.0,75.0
5756,False,5.0,3025.0
5757,False,4.0,1887.0
5758,False,4.0,2155.0
5759,True,4.0,21.0
5760,False,4.0,538.0
5761,False,4.0,565.0
5762,True,4.0,127.0
5763,False,4.0,2993.0
5764,False,4.0,73.0
5765,True,4.0,231.0
5766,False,1.0,1011.0
5767,False,1.0,12517.0
5768,False,1.0,247.0
5769,False,1.0,538.0
5770,False,1.0,40.0
5771,False,1.0,537.0
5772,True,1.0,75.0
5773,True,4.0,109.0
5774,False,4.0,472.0
5775,False,4.0,1020.0
5776,False,4.0,512.0
5777,False,4.0,500.0
5778,False,4.0,431.0
5779,False,4.0,379.0
5780,True,4.0,434.0
5781,False,4.0,1372.0
5782,True,4.0,1352.0
5783,False,4.0,1802.0
5784,False,4.0,8173.0
5785,False,4.0,19560.0
5786,False,4.0,11156.0
5787,False,4.0,73.0
5788,False,3.0,1266.0
5789,False,3.0,1970.0
5790,False,3.0,2993.0
5791,True,6.0,673.0
5792,False,6.0,1331.0
5793,False,3.0,1011.0
5794,False,3.0,537.0
5795,False,4.0,12517.0
5796,False,4.0,1970.0
5797,False,4.0,327.0
5798,False,4.0,43.0
5799,False,6.0,427.0
5800,False,6.0,14593.0
5801,False,6.0,116.0
5802,False,6.0,1942.0
5803,True,6.0,7342.0
5804,True,4.0,472.0
5805,False,4.0,8173.0
5806,False,4.0,1372.0
5807,False,4.0,7331.0
5808,False,4.0,559.0
5809,False,4.0,1262.0
5810,False,4.0,501.0
5811,False,4.0,72.0
5812,False,4.0,730.0
5813,False,4.0,59.0
5814,False,4.0,545.0
5815,True,4.0,19565.0
5816,False,4.0,1164.0
5817,False,4.0,128.0
5818,False,2.0,478.0
5819,False,2.0,25076.0
5820,False,2.0,960.0
5821,False,2.0,472.0
5822,False,4.0,431.0
5823,False,4.0,538.0
5824,False,4.0,12517.0
5825,False,4.0,1372.0
5826,False,4.0,19560.0
5827,False,4.0,1011.0
5828,False,4.0,730.0
5829,True,4.0,673.0
5830,False,4.0,1121.0
5831,False,4.0,72.0
5832,False,4.0,2155.0
5833,False,4.0,1331.0
5834,False,4.0,38.0
5835,False,4.0,3025.0
5836,False,4.0,537.0
5837,False,2.0,71.0
5838,False,2.0,16.0
5839,False,2.0,538.0
5840,False,2.0,73.0
5841,False,2.0,39.0
5842,False,2.0,732.0
5843,False,2.0,38.0
5844,False,2.0,40.0
5845,False,2.0,1887.0
5846,True,2.0,622.0
5847,True,2.0,7342.0
5848,False,2.0,14593.0
5849,False,2.0,327.0
5850,False,2.0,3025.0
5851,False,2.0,343.0
5852,False,2.0,1011.0
5853,False,2.0,623.0
5854,False,1.0,1331.0
5855,False,1.0,501.0
5856,False,1.0,75.0
5857,False,1.0,472.0
5858,False,1.0,37.0
5859,False,1.0,6801.0
5860,True,5.0,733.0
5861,False,5.0,7323.0
5862,False,5.0,12517.0
5863,False,5.0,1020.0
5864,False,5.0,25076.0
5865,False,5.0,960.0
5866,False,5.0,124.0
5867,False,5.0,730.0
5868,False,5.0,7344.0
5869,False,5.0,1164.0
5870,False,5.0,500.0
5871,False,5.0,1266.0
5872,False,4.0,559.0
5873,False,4.0,128.0
5874,False,3.0,1970.0
5875,False,3.0,113.0
5876,True,3.0,673.0
5877,False,3.0,8173.0
5878,False,3.0,72.0
5879,False,6.0,1029.0
5880,False,6.0,427.0
5881,False,6.0,974.0
5882,False,6.0,1802.0
5883,False,6.0,7346.0
5884,False,6.0,358.0
5885,False,6.0,11198.0
5886,False,6.0,1262.0
5887,False,6.0,1871.0
5888,False,4.0,529.0
5889,True,4.0,7342.0
5890,False,4.0,19560.0
5891,False,4.0,2155.0
5892,False,4.0,1970.0
5893,False,4.0,1009.0
5894,False,4.0,732.0
5895,False,4.0,39.0
5896,False,4.0,1331.0
5897,True,4.0,19565.0
5898,True,2.0,733.0
5899,False,2.0,1985.0
5900,True,2.0,622.0
5901,False,2.0,500.0
5902,False,2.0,1802.0
5903,False,2.0,979.0
5904,False,2.0,25076.0
5905,False,2.0,43.0
5906,False,1.0,73.0
5907,False,1.0,132.0
5908,False,1.0,1121.0
5909,False,1.0,960.0
5910,False,1.0,247.0
5911,True,1.0,75.0
5912,True,1.0,472.0
5913,False,1.0,538.0
5914,False,6.0,11198.0
5915,False,6.0,116.0
5916,False,6.0,14593.0
5917,False,6.0,427.0
5918,True,6.0,1802.0
5919,False,6.0,673.0
5920,False,6.0,1029.0
5921,False,4.0,25076.0
5922,False,4.0,6801.0
5923,False,2.0,39.0
5924,False,2.0,1942.0
5925,False,2.0,38.0
5926,False,2.0,623.0
5927,False,2.0,533.0
5928,False,2.0,73.0
5929,False,2.0,1887.0
5930,False,2.0,132.0
5931,False,2.0,43.0
5932,False,2.0,1020.0
5933,False,2.0,537.0
5934,True,2.0,472.0
5935,False,2.0,40.0
5936,True,2.0,59.0
5937,False,1.0,1331.0
5938,True,1.0,75.0
5939,False,1.0,14593.0
5940,False,1.0,2155.0
5941,False,4.0,730.0
5942,False,4.0,551.0
5943,False,4.0,1121.0
5944,False,4.0,15.0
5945,False,4.0,11198.0
5946,False,4.0,2993.0
5947,True,4.0,11133.0
5948,False,3.0,427.0
5949,False,3.0,733.0
5950,False,3.0,73.0
5951,False,3.0,7351.0
5952,False,3.0,559.0
5953,False,3.0,247.0
5954,False,3.0,533.0
5955,False,3.0,7323.0
5956,False,3.0,1352.0
5957,False,3.0,501.0
5958,False,3.0,233.0
5959,False,3.0,529.0
5960,True,3.0,231.0
5961,False,6.0,8173.0
5962,False,6.0,1942.0
5963,False,6.0,12517.0
5964,False,6.0,1802.0
5965,False,6.0,673.0
5966,False,6.0,7346.0
5967,False,6.0,116.0
5968,False,6.0,14593.0
5969,False,6.0,1262.0
5970,False,6.0,7344.0
5971,False,6.0,1026.0
5972,False,6.0,358.0
5973,False,6.0,1029.0
5974,False,6.0,1871.0
5975,False,5.0,1942.0
5976,False,5.0,1331.0
5977,False,5.0,124.0
5978,False,5.0,7342.0
5979,False,5.0,501.0
5980,False,5.0,8173.0
5981,False,4.0,7599.0
5982,False,4.0,11198.0
5983,False,4.0,1164.0
5984,False,4.0,431.0
5985,False,4.0,1970.0
5986,False,4.0,113.0
5987,False,4.0,7351.0
5988,False,4.0,37.0
5989,False,4.0,673.0
5990,False,4.0,427.0
5991,False,4.0,127.0
5992,False,4.0,109.0
5993,False,2.0,537.0
5994,False,2.0,1887.0
5995,False,2.0,39.0
5996,False,2.0,16.0
5997,False,2.0,1011.0
5998,False,2.0,7344.0
5999,False,2.0,960.0
6000,False,2.0,732.0
6001,True,2.0,472.0
6002,False,2.0,500.0
6003,False,2.0,1802.0
6004,False,2.0,538.0
6005,False,2.0,979.0
6006,False,2.0,533.0
6007,False,2.0,1985.0
6008,False,1.0,529.0
6009,False,1.0,866.0
6010,True,1.0,1802.0
6011,False,1.0,72.0
6012,False,1.0,500.0
6013,False,1.0,1011.0
6014,False,1.0,59.0
6015,False,1.0,2993.0
6016,False,1.0,732.0
6017,False,1.0,478.0
6018,False,1.0,11198.0
6019,False,1.0,113.0
6020,False,1.0,40.0
6021,False,1.0,979.0
6022,False,4.0,533.0
6023,False,4.0,128.0
6024,False,4.0,19560.0
6025,False,4.0,8173.0
6026,False,4.0,545.0
6027,False,4.0,1121.0
6028,False,4.0,247.0
6029,False,4.0,19565.0
6030,False,6.0,1331.0
6031,False,6.0,7344.0
6032,False,6.0,7342.0
6033,False,6.0,358.0
6034,False,6.0,673.0
6035,False,6.0,7346.0
6036,False,6.0,1026.0
6037,False,6.0,1262.0
6038,False,6.0,1871.0
6039,False,6.0,1942.0
6040,False,6.0,427.0
6041,False,6.0,14593.0
6042,False,6.0,1029.0
6043,False,6.0,974.0
6044,False,6.0,12517.0
6045,True,1.0,733.0
6046,False,1.0,132.0
6047,False,1.0,7344.0
6048,False,1.0,8173.0
6049,False,1.0,121.0
6050,False,4.0,1970.0
6051,False,4.0,1011.0
6052,False,4.0,38.0
6053,False,4.0,11156.0
6054,False,4.0,7323.0
6055,False,4.0,623.0
6056,False,4.0,72.0
6057,False,4.0,343.0
6058,False,4.0,233.0
6059,True,2.0,529.0
6060,False,2.0,71.0
6061,False,2.0,1985.0
6062,False,2.0,478.0
6063,False,2.0,11133.0
6064,False,2.0,1942.0
6065,False,2.0,537.0
6066,False,2.0,247.0
6067,False,2.0,501.0
6068,False,2.0,538.0
6069,True,2.0,21.0
6070,True,3.0,75.0
6071,False,6.0,1802.0
6072,False,6.0,7342.0
6073,False,6.0,974.0
6074,False,6.0,14593.0
6075,False,6.0,1262.0
6076,False,6.0,1871.0
6077,False,6.0,1331.0
6078,True,6.0,673.0
6079,False,6.0,11198.0
6080,False,6.0,1942.0
6081,False,6.0,1026.0
6082,False,6.0,358.0
6083,False,6.0,427.0
6084,False,6.0,7346.0
6085,False,4.0,545.0
6086,False,4.0,109.0
6087,False,4.0,1121.0
6088,False,4.0,19560.0
6089,False,4.0,512.0
6090,False,4.0,39.0
6091,False,4.0,113.0
6092,False,4.0,128.0
6093,True,4.0,11133.0
6094,False,4.0,40.0
6095,False,4.0,2993.0
6096,False,4.0,559.0
6097,False,3.0,73.0
6098,False,3.0,533.0
6099,False,3.0,233.0
6100,False,2.0,327.0
6101,False,2.0,501.0
6102,False,2.0,39.0
6103,False,2.0,960.0
6104,False,2.0,247.0
6105,False,2.0,3025.0
6106,False,2.0,343.0
6107,True,2.0,11133.0
6108,False,2.0,730.0
6109,True,2.0,622.0
6110,False,2.0,132.0
6111,False,2.0,14593.0
6112,False,2.0,124.0
6113,False,2.0,1331.0
6114,False,5.0,233.0
6115,True,5.0,75.0
6116,False,4.0,73.0
6117,False,3.0,25076.0
6118,False,4.0,127.0
6119,False,4.0,1262.0
6120,False,4.0,1352.0
6121,False,4.0,40.0
6122,False,1.0,537.0
6123,False,1.0,2155.0
6124,False,1.0,71.0
6125,False,1.0,538.0
6126,True,1.0,21.0
6127,True,6.0,673.0
6128,True,6.0,1802.0
6129,False,1.0,1121.0
6130,False,1.0,2155.0
6131,False,1.0,231.0
6132,True,1.0,109.0
6133,False,1.0,500.0
6134,False,1.0,40.0
6135,False,1.0,1887.0
6136,False,1.0,979.0
6137,False,1.0,233.0
6138,False,5.0,1266.0
6139,False,5.0,1871.0
6140,True,5.0,11133.0
6141,False,5.0,12517.0
6142,False,5.0,733.0
6143,False,4.0,7351.0
6144,True,4.0,472.0
6145,False,4.0,8173.0
6146,False,4.0,512.0
6147,False,4.0,11156.0
6148,False,4.0,1011.0
6149,False,4.0,73.0
6150,True,4.0,75.0
6151,False,4.0,1331.0
6152,False,4.0,960.0
6153,False,4.0,11198.0
6154,False,4.0,39.0
6155,False,6.0,7346.0
6156,False,6.0,427.0
6157,False,6.0,116.0
6158,False,6.0,358.0
6159,False,6.0,1026.0
6160,False,6.0,1942.0
6161,False,6.0,7344.0
6162,False,2.0,25076.0
6163,False,2.0,3025.0
6164,False,2.0,37.0
6165,False,2.0,533.0
6166,False,2.0,478.0
6167,False,5.0,529.0
6168,False,5.0,500.0
6169,False,5.0,1164.0
6170,False,5.0,1970.0
6171,False,5.0,75.0
6172,True,5.0,11133.0
6173,False,5.0,73.0
6174,False,5.0,233.0
6175,False,5.0,39.0
6176,False,5.0,38.0
6177,False,5.0,559.0
6178,True,5.0,434.0
6179,False,2.0,1372.0
6180,False,2.0,1331.0
6181,False,2.0,960.0
6182,False,1.0,1020.0
6183,False,1.0,71.0
6184,False,6.0,1262.0
6185,False,6.0,1871.0
6186,False,6.0,11198.0
6187,False,6.0,7344.0
6188,False,3.0,1887.0
6189,False,3.0,537.0
6190,False,3.0,1942.0
6191,False,1.0,132.0
6192,False,1.0,72.0
6193,False,1.0,6801.0
6194,False,1.0,11198.0
6195,False,1.0,1164.0
6196,False,1.0,1011.0
6197,False,1.0,116.0
6198,True,1.0,21.0
6199,False,1.0,12517.0
6200,False,1.0,121.0
6201,True,1.0,75.0
6202,False,1.0,233.0
6203,False,1.0,673.0
6204,False,1.0,1970.0
6205,False,5.0,59.0
6206,False,5.0,1020.0
6207,False,5.0,38.0
6208,False,5.0,2155.0
6209,False,5.0,559.0
6210,True,5.0,622.0
6211,False,5.0,960.0
6212,False,5.0,478.0
6213,False,5.0,128.0
6214,False,5.0,1121.0
6215,False,5.0,1942.0
6216,False,5.0,1266.0
6217,False,5.0,7599.0
6218,False,3.0,1887.0
6219,False,3.0,427.0
6220,False,3.0,533.0
6221,False,3.0,501.0
6222,False,3.0,231.0
6223,False,3.0,16.0
6224,False,3.0,113.0
6225,False,3.0,15.0
6226,False,3.0,40.0
6227,False,3.0,1262.0
6228,False,3.0,37.0
6229,False,3.0,529.0
6230,False,3.0,7351.0
6231,False,3.0,73.0
6232,False,3.0,1331.0
6233,False,4.0,979.0
6234,False,4.0,431.0
6235,False,6.0,14593.0
6236,False,6.0,974.0
6237,False,6.0,358.0
6238,False,6.0,8173.0
6239,False,6.0,7346.0
6240,False,6.0,1871.0
6241,True,5.0,529.0
6242,False,5.0,1011.0
6243,True,5.0,109.0
6244,False,5.0,1266.0
6245,False,5.0,537.0
6246,False,5.0,3025.0
6247,True,5.0,11133.0
6248,False,5.0,1887.0
6249,False,5.0,1970.0
6250,False,5.0,73.0
6251,True,5.0,622.0
6252,False,5.0,2993.0
6253,False,5.0,1871.0
6254,False,5.0,501.0
6255,False,5.0,1372.0
6256,False,5.0,732.0
6257,False,5.0,2155.0
6258,True,1.0,231.0
6259,False,1.0,59.0
6260,False,1.0,343.0
6261,False,1.0,866.0
6262,False,1.0,71.0
6263,False,1.0,124.0
6264,False,1.0,1262.0
6265,False,1.0,113.0
6266,False,2.0,327.0
6267,False,4.0,11198.0
6268,False,4.0,7331.0
6269,False,4.0,11156.0
6270,False,4.0,1970.0
6271,True,4.0,733.0
6272,False,1.0,500.0
6273,False,1.0,979.0
6274,True,1.0,231.0
6275,True,1.0,622.0
6276,False,1.0,501.0
6277,False,1.0,1887.0
6278,False,1.0,124.0
6279,False,1.0,2155.0
6280,False,1.0,14593.0
6281,False,1.0,12517.0
6282,False,1.0,866.0
6283,False,1.0,1121.0
6284,False,1.0,960.0
6285,True,1.0,1802.0
6286,False,4.0,343.0
6287,False,4.0,75.0
6288,False,4.0,40.0
6289,True,4.0,1352.0
6290,False,4.0,1871.0
6291,False,4.0,960.0
6292,False,4.0,43.0
6293,False,4.0,1802.0
6294,False,1.0,16.0
6295,False,1.0,733.0
6296,False,1.0,1262.0
6297,False,1.0,12517.0
6298,False,1.0,478.0
6299,True,1.0,109.0
6300,False,1.0,1121.0
6301,False,1.0,247.0
6302,False,1.0,1011.0
6303,True,1.0,529.0
6304,False,1.0,1331.0
6305,False,1.0,73.0
6306,False,1.0,500.0
6307,False,1.0,113.0
6308,False,1.0,2155.0
6309,False,1.0,1970.0
6310,False,1.0,11198.0
6311,False,5.0,40.0
6312,False,5.0,116.0
6313,True,5.0,127.0
6314,False,5.0,73.0
6315,False,6.0,7344.0
6316,False,6.0,1029.0
6317,False,6.0,427.0
6318,False,6.0,12517.0
6319,False,6.0,1262.0
6320,False,6.0,7346.0
6321,False,6.0,974.0
6322,False,6.0,1026.0
6323,True,6.0,7342.0
6324,False,4.0,1970.0
6325,False,4.0,21.0
6326,True,4.0,673.0
6327,True,4.0,2207.0
6328,False,4.0,733.0
6329,False,4.0,16.0
6330,False,2.0,11133.0
6331,False,2.0,327.0
6332,False,2.0,1985.0
6333,False,2.0,979.0
6334,False,2.0,501.0
6335,False,2.0,124.0
6336,False,2.0,478.0
6337,False,2.0,538.0
6338,False,2.0,25076.0
6339,False,2.0,39.0
6340,False,2.0,7342.0
6341,False,2.0,11133.0
6342,False,2.0,478.0
6343,False,2.0,38.0
6344,False,3.0,1011.0
6345,False,3.0,40.0
6346,False,3.0,8173.0
6347,False,3.0,960.0
6348,False,3.0,233.0
6349,False,3.0,545.0
6350,True,3.0,529.0
6351,False,3.0,2993.0
6352,False,3.0,25076.0
6353,False,3.0,1942.0
6354,False,3.0,113.0
6355,False,3.0,1871.0
6356,False,3.0,1331.0
6357,True,3.0,673.0
6358,False,3.0,73.0
6359,False,3.0,1970.0
6360,False,3.0,14593.0
6361,False,3.0,72.0
6362,False,4.0,551.0
6363,False,4.0,128.0
6364,False,4.0,1266.0
6365,False,4.0,71.0
6366,False,4.0,427.0
6367,False,4.0,12517.0
