id_pago,id_sub
1,1.0
2,1.0
3,2.0
4,2.0
5,2.0
6,2.0
7,2.0
8,2.0
9,2.0
10,2.0
11,2.0
12,2.0
13,3.0
14,3.0
15,3.0
16,3.0
17,3.0
18,3.0
19,3.0
20,3.0
21,3.0
22,3.0
23,3.0
24,3.0
25,4.0
26,4.0
27,4.0
28,4.0
29,4.0
30,5.0
31,5.0
32,5.0
33,6.0
34,6.0
35,6.0
36,6.0
37,6.0
38,6.0
39,7.0
40,7.0
41,7.0
42,7.0
43,7.0
44,7.0
45,7.0
46,7.0
47,7.0
48,7.0
49,7.0
50,7.0
51,7.0
52,7.0
53,7.0
54,7.0
55,8.0
56,8.0
57,8.0
58,8.0
59,8.0
60,8.0
61,8.0
62,8.0
63,8.0
64,8.0
65,8.0
66,8.0
67,8.0
68,8.0
69,8.0
70,8.0
71,8.0
72,8.0
73,8.0
74,8.0
75,9.0
76,9.0
77,9.0
78,9.0
79,9.0
80,9.0
81,9.0
82,9.0
83,9.0
84,9.0
85,9.0
86,9.0
87,9.0
88,9.0
89,9.0
90,10.0
91,10.0
92,10.0
93,10.0
94,10.0
95,10.0
96,10.0
97,10.0
98,10.0
99,10.0
100,10.0
101,10.0
102,10.0
103,10.0
104,10.0
105,10.0
106,10.0
107,11.0
108,11.0
109,11.0
110,11.0
111,11.0
112,11.0
113,11.0
114,11.0
115,11.0
116,11.0
117,11.0
118,11.0
119,11.0
120,11.0
121,11.0
122,11.0
123,11.0
124,11.0
125,11.0
126,11.0
127,12.0
128,12.0
129,12.0
130,12.0
131,12.0
132,12.0
133,12.0
134,12.0
135,12.0
136,12.0
137,12.0
138,12.0
139,12.0
140,12.0
141,12.0
142,13.0
143,13.0
144,13.0
145,13.0
146,13.0
147,13.0
148,13.0
149,13.0
150,13.0
151,13.0
152,14.0
153,14.0
154,14.0
155,14.0
156,15.0
157,15.0
158,15.0
159,15.0
160,15.0
161,15.0
162,15.0
163,15.0
164,15.0
165,16.0
166,16.0
167,16.0
168,17.0
169,17.0
170,17.0
171,17.0
172,17.0
173,17.0
174,17.0
175,17.0
176,17.0
177,18.0
178,18.0
179,18.0
180,18.0
181,18.0
182,18.0
183,18.0
184,18.0
185,18.0
186,18.0
187,18.0
188,18.0
189,18.0
190,19.0
191,19.0
192,19.0
193,19.0
194,19.0
195,19.0
196,19.0
197,19.0
198,19.0
199,19.0
200,19.0
201,19.0
202,20.0
203,20.0
204,20.0
205,20.0
206,20.0
207,20.0
208,20.0
209,20.0
210,20.0
211,20.0
212,20.0
213,20.0
214,20.0
215,20.0
216,20.0
217,20.0
218,20.0
219,20.0
220,21.0
221,21.0
222,21.0
223,21.0
224,21.0
225,21.0
226,21.0
227,22.0
228,22.0
229,22.0
230,22.0
231,22.0
232,22.0
233,22.0
234,22.0
235,22.0
236,22.0
237,22.0
238,22.0
239,22.0
240,22.0
241,22.0
242,22.0
243,23.0
244,23.0
245,23.0
246,23.0
247,23.0
248,23.0
249,23.0
250,23.0
251,24.0
252,24.0
253,24.0
254,24.0
255,24.0
256,24.0
257,24.0
258,24.0
259,24.0
260,24.0
261,24.0
262,25.0
263,25.0
264,25.0
265,25.0
266,25.0
267,25.0
268,25.0
269,25.0
270,25.0
271,25.0
272,26.0
273,26.0
274,26.0
275,26.0
276,26.0
277,26.0
278,26.0
279,26.0
280,26.0
281,26.0
282,26.0
283,27.0
284,28.0
285,28.0
286,28.0
287,28.0
288,28.0
289,28.0
290,28.0
291,28.0
292,28.0
293,28.0
294,28.0
295,28.0
296,28.0
297,29.0
298,29.0
299,29.0
300,29.0
301,29.0
302,29.0
303,29.0
304,29.0
305,29.0
306,29.0
307,29.0
308,29.0
309,29.0
310,29.0
311,29.0
312,29.0
313,29.0
314,29.0
315,29.0
316,29.0
317,30.0
318,30.0
319,30.0
320,30.0
321,30.0
322,30.0
323,30.0
324,30.0
325,30.0
326,30.0
327,30.0
328,31.0
329,31.0
330,31.0
331,31.0
332,31.0
333,31.0
334,31.0
335,31.0
336,31.0
337,31.0
338,31.0
339,31.0
340,31.0
341,31.0
342,32.0
343,32.0
344,33.0
345,33.0
346,33.0
347,33.0
348,33.0
349,33.0
350,34.0
351,34.0
352,34.0
353,34.0
354,34.0
355,34.0
356,34.0
357,34.0
358,34.0
359,35.0
360,35.0
361,35.0
362,36.0
363,36.0
364,36.0
365,36.0
366,36.0
367,36.0
368,36.0
369,36.0
370,36.0
371,36.0
372,36.0
373,36.0
374,37.0
375,37.0
376,37.0
377,38.0
378,38.0
379,38.0
380,38.0
381,38.0
382,39.0
383,39.0
384,39.0
385,39.0
386,39.0
387,39.0
388,39.0
389,39.0
390,39.0
391,39.0
392,39.0
393,39.0
394,39.0
395,39.0
396,39.0
397,39.0
398,39.0
399,39.0
400,39.0
401,40.0
402,40.0
403,40.0
404,40.0
405,40.0
406,40.0
407,40.0
408,40.0
409,40.0
410,40.0
411,40.0
412,40.0
413,40.0
414,40.0
415,40.0
416,41.0
417,41.0
418,41.0
419,41.0
420,41.0
421,41.0
422,41.0
423,41.0
424,41.0
425,41.0
426,41.0
427,42.0
428,42.0
429,42.0
430,42.0
431,42.0
432,43.0
433,43.0
434,44.0
435,45.0
436,45.0
437,45.0
438,45.0
439,45.0
440,45.0
441,45.0
442,45.0
443,45.0
444,45.0
445,45.0
446,46.0
447,46.0
448,46.0
449,46.0
450,46.0
451,46.0
452,46.0
453,46.0
454,46.0
455,46.0
456,46.0
457,46.0
458,47.0
459,47.0
460,47.0
461,47.0
462,47.0
463,47.0
464,47.0
465,47.0
466,47.0
467,47.0
468,47.0
469,47.0
470,47.0
471,47.0
472,47.0
473,47.0
474,47.0
475,48.0
476,48.0
477,48.0
478,48.0
479,48.0
480,48.0
481,48.0
482,48.0
483,48.0
484,48.0
485,48.0
486,48.0
487,49.0
488,49.0
489,49.0
490,49.0
491,49.0
492,49.0
493,49.0
494,49.0
495,49.0
496,49.0
497,49.0
498,49.0
499,49.0
500,49.0
501,49.0
502,50.0
503,50.0
504,50.0
505,50.0
506,50.0
507,50.0
508,50.0
509,50.0
510,50.0
511,50.0
512,50.0
513,50.0
514,50.0
515,50.0
516,51.0
517,51.0
518,51.0
519,51.0
520,51.0
521,51.0
522,51.0
523,51.0
524,51.0
525,51.0
526,51.0
527,51.0
528,51.0
529,51.0
530,51.0
531,51.0
532,51.0
533,51.0
534,51.0
535,51.0
536,52.0
537,52.0
538,53.0
539,53.0
540,53.0
541,53.0
542,53.0
543,53.0
544,53.0
545,53.0
546,53.0
547,53.0
548,53.0
549,54.0
550,54.0
551,54.0
552,54.0
553,54.0
554,54.0
555,54.0
556,54.0
557,54.0
558,54.0
559,54.0
560,54.0
561,54.0
562,54.0
563,54.0
564,54.0
565,54.0
566,54.0
567,54.0
568,54.0
569,55.0
570,56.0
571,56.0
572,56.0
573,57.0
574,57.0
575,57.0
576,57.0
577,58.0
578,58.0
579,58.0
580,58.0
581,58.0
582,58.0
583,58.0
584,58.0
585,58.0
586,58.0
587,58.0
588,58.0
589,59.0
590,60.0
591,60.0
592,60.0
593,60.0
594,60.0
595,60.0
596,60.0
597,60.0
598,60.0
599,60.0
600,60.0
601,60.0
602,60.0
603,60.0
604,60.0
605,60.0
606,60.0
607,60.0
608,61.0
609,61.0
610,61.0
611,61.0
612,61.0
613,61.0
614,61.0
615,61.0
616,61.0
617,62.0
618,63.0
619,63.0
620,63.0
621,63.0
622,63.0
623,63.0
624,63.0
625,63.0
626,63.0
627,63.0
628,63.0
629,64.0
630,64.0
631,64.0
632,64.0
633,64.0
634,64.0
635,65.0
636,65.0
637,65.0
638,65.0
639,65.0
640,65.0
641,65.0
642,66.0
643,66.0
644,66.0
645,66.0
646,66.0
647,67.0
648,67.0
649,67.0
650,67.0
651,67.0
652,67.0
653,67.0
654,67.0
655,67.0
656,67.0
657,67.0
658,67.0
659,67.0
660,68.0
661,68.0
662,68.0
663,68.0
664,68.0
665,68.0
666,68.0
667,68.0
668,68.0
669,68.0
670,68.0
671,68.0
672,69.0
673,69.0
674,69.0
675,69.0
676,69.0
677,69.0
678,69.0
679,69.0
680,69.0
681,69.0
682,69.0
683,69.0
684,69.0
685,69.0
686,69.0
687,70.0
688,70.0
689,70.0
690,71.0
691,71.0
692,71.0
693,71.0
694,71.0
695,72.0
696,72.0
697,72.0
698,72.0
699,72.0
700,72.0
701,73.0
702,73.0
703,73.0
704,73.0
705,73.0
706,73.0
707,73.0
708,73.0
709,73.0
710,73.0
711,73.0
712,73.0
713,74.0
714,74.0
715,74.0
716,74.0
717,75.0
718,75.0
719,76.0
720,76.0
721,76.0
722,76.0
723,77.0
724,77.0
725,77.0
726,78.0
727,78.0
728,78.0
729,78.0
730,78.0
731,78.0
732,78.0
733,78.0
734,78.0
735,78.0
736,78.0
737,78.0
738,78.0
739,78.0
740,78.0
741,78.0
742,79.0
743,80.0
744,80.0
745,80.0
746,80.0
747,80.0
748,80.0
749,80.0
750,80.0
751,80.0
752,80.0
753,80.0
754,80.0
755,80.0
756,80.0
757,80.0
758,80.0
759,81.0
760,81.0
761,81.0
762,82.0
763,82.0
764,82.0
765,82.0
766,82.0
767,82.0
768,82.0
769,82.0
770,82.0
771,82.0
772,82.0
773,82.0
774,82.0
775,82.0
776,82.0
777,82.0
778,82.0
779,82.0
780,82.0
781,82.0
782,83.0
783,83.0
784,83.0
785,83.0
786,83.0
787,83.0
788,83.0
789,83.0
790,83.0
791,83.0
792,83.0
793,83.0
794,83.0
795,83.0
796,83.0
797,83.0
798,84.0
799,84.0
800,84.0
801,84.0
802,84.0
803,84.0
804,84.0
805,84.0
806,85.0
807,85.0
808,85.0
809,85.0
810,85.0
811,85.0
812,85.0
813,85.0
814,85.0
815,85.0
816,86.0
817,86.0
818,86.0
819,86.0
820,86.0
821,86.0
822,86.0
823,87.0
824,87.0
825,87.0
826,87.0
827,87.0
828,87.0
829,87.0
830,87.0
831,87.0
832,87.0
833,87.0
834,87.0
835,87.0
836,87.0
837,87.0
838,87.0
839,88.0
840,88.0
841,88.0
842,88.0
843,88.0
844,88.0
845,88.0
846,88.0
847,88.0
848,88.0
849,88.0
850,88.0
851,88.0
852,88.0
853,88.0
854,88.0
855,88.0
856,88.0
857,88.0
858,89.0
859,89.0
860,89.0
861,89.0
862,89.0
863,90.0
864,90.0
865,90.0
866,90.0
867,90.0
868,90.0
869,90.0
870,91.0
871,91.0
872,91.0
873,91.0
874,91.0
875,91.0
876,91.0
877,91.0
878,91.0
879,91.0
880,91.0
881,91.0
882,91.0
883,91.0
884,92.0
885,93.0
886,93.0
887,94.0
888,95.0
889,95.0
890,95.0
891,95.0
892,95.0
893,96.0
894,97.0
895,97.0
896,97.0
897,97.0
898,97.0
899,97.0
900,97.0
901,97.0
902,97.0
903,97.0
904,97.0
905,97.0
906,97.0
907,97.0
908,97.0
909,97.0
910,97.0
911,98.0
912,98.0
913,98.0
914,98.0
915,98.0
916,98.0
917,98.0
918,98.0
919,98.0
920,98.0
921,98.0
922,98.0
923,98.0
924,98.0
925,98.0
926,98.0
927,98.0
928,98.0
929,99.0
930,99.0
931,100.0
932,100.0
933,100.0
934,100.0
935,100.0
936,100.0
937,100.0
938,100.0
939,100.0
940,100.0
941,100.0
942,100.0
943,100.0
944,100.0
945,101.0
946,102.0
947,102.0
948,102.0
949,103.0
950,103.0
951,103.0
952,104.0
953,104.0
954,104.0
955,104.0
956,104.0
957,104.0
958,104.0
959,104.0
960,105.0
961,105.0
962,105.0
963,105.0
964,105.0
965,106.0
966,106.0
967,107.0
968,107.0
969,107.0
970,107.0
971,107.0
972,108.0
973,108.0
974,108.0
975,108.0
976,108.0
977,108.0
978,108.0
979,108.0
980,108.0
981,108.0
982,108.0
983,108.0
984,108.0
985,108.0
986,108.0
987,109.0
988,109.0
989,109.0
990,109.0
991,109.0
992,109.0
993,109.0
994,109.0
995,109.0
996,109.0
997,110.0
998,110.0
999,110.0
1000,110.0
1001,110.0
1002,110.0
1003,110.0
1004,110.0
1005,110.0
1006,111.0
1007,111.0
1008,111.0
1009,111.0
1010,111.0
1011,111.0
1012,111.0
1013,111.0
1014,111.0
1015,111.0
1016,111.0
1017,111.0
1018,111.0
1019,111.0
1020,111.0
1021,111.0
1022,111.0
1023,112.0
1024,113.0
1025,113.0
1026,113.0
1027,114.0
1028,114.0
1029,114.0
1030,114.0
1031,114.0
1032,114.0
1033,114.0
1034,114.0
1035,114.0
1036,114.0
1037,114.0
1038,114.0
1039,114.0
1040,114.0
1041,114.0
1042,114.0
1043,114.0
1044,114.0
1045,115.0
1046,115.0
1047,115.0
1048,115.0
1049,115.0
1050,115.0
1051,115.0
1052,115.0
1053,115.0
1054,115.0
1055,116.0
1056,116.0
1057,117.0
1058,117.0
1059,117.0
1060,118.0
1061,118.0
1062,118.0
1063,118.0
1064,119.0
1065,119.0
1066,119.0
1067,119.0
1068,119.0
1069,119.0
1070,119.0
1071,119.0
1072,119.0
1073,120.0
1074,120.0
1075,120.0
1076,120.0
1077,120.0
1078,120.0
1079,120.0
1080,120.0
1081,120.0
1082,120.0
1083,120.0
1084,120.0
1085,120.0
1086,120.0
1087,120.0
1088,120.0
1089,120.0
1090,120.0
1091,121.0
1092,121.0
1093,121.0
1094,121.0
1095,121.0
1096,121.0
1097,121.0
1098,121.0
1099,121.0
1100,122.0
1101,122.0
1102,122.0
1103,122.0
1104,122.0
1105,122.0
1106,122.0
1107,122.0
1108,122.0
1109,123.0
1110,123.0
1111,123.0
1112,124.0
1113,124.0
1114,124.0
1115,124.0
1116,124.0
1117,124.0
1118,124.0
1119,124.0
1120,124.0
1121,124.0
1122,124.0
1123,124.0
1124,124.0
1125,124.0
1126,125.0
1127,125.0
1128,125.0
1129,125.0
1130,125.0
1131,125.0
1132,125.0
1133,125.0
1134,125.0
1135,125.0
1136,125.0
1137,125.0
1138,125.0
1139,125.0
1140,125.0
1141,125.0
1142,125.0
1143,125.0
1144,125.0
1145,125.0
1146,126.0
1147,126.0
1148,126.0
1149,127.0
1150,127.0
1151,127.0
1152,127.0
1153,127.0
1154,127.0
1155,127.0
1156,128.0
1157,128.0
1158,129.0
1159,129.0
1160,129.0
1161,129.0
1162,129.0
1163,129.0
1164,129.0
1165,129.0
1166,129.0
1167,129.0
1168,129.0
1169,129.0
1170,129.0
1171,129.0
1172,129.0
1173,129.0
1174,129.0
1175,129.0
1176,130.0
1177,130.0
1178,130.0
1179,130.0
1180,130.0
1181,130.0
1182,130.0
1183,131.0
1184,131.0
1185,131.0
1186,131.0
1187,131.0
1188,131.0
1189,131.0
1190,131.0
1191,131.0
1192,132.0
1193,132.0
1194,132.0
1195,132.0
1196,132.0
1197,132.0
1198,133.0
1199,133.0
1200,133.0
1201,133.0
1202,133.0
1203,133.0
1204,133.0
1205,133.0
1206,133.0
1207,133.0
1208,133.0
1209,133.0
1210,133.0
1211,133.0
1212,134.0
1213,134.0
1214,134.0
1215,134.0
1216,134.0
1217,134.0
1218,134.0
1219,134.0
1220,134.0
1221,135.0
1222,135.0
1223,135.0
1224,135.0
1225,135.0
1226,135.0
1227,135.0
1228,135.0
1229,135.0
1230,135.0
1231,135.0
1232,135.0
1233,135.0
1234,135.0
1235,135.0
1236,135.0
1237,135.0
1238,135.0
1239,135.0
1240,135.0
1241,136.0
1242,136.0
1243,136.0
1244,136.0
1245,136.0
1246,136.0
1247,136.0
1248,136.0
1249,136.0
1250,136.0
1251,136.0
1252,137.0
1253,137.0
1254,137.0
1255,137.0
1256,137.0
1257,137.0
1258,137.0
1259,137.0
1260,137.0
1261,137.0
1262,137.0
1263,138.0
1264,138.0
1265,138.0
1266,138.0
1267,138.0
1268,138.0
1269,138.0
1270,138.0
1271,138.0
1272,138.0
1273,138.0
1274,138.0
1275,138.0
1276,138.0
1277,138.0
1278,138.0
1279,138.0
1280,138.0
1281,138.0
1282,139.0
1283,139.0
1284,139.0
1285,139.0
1286,139.0
1287,139.0
1288,139.0
1289,139.0
1290,139.0
1291,139.0
1292,139.0
1293,139.0
1294,139.0
1295,139.0
1296,139.0
1297,139.0
1298,139.0
1299,139.0
1300,140.0
1301,140.0
1302,140.0
1303,140.0
1304,140.0
1305,140.0
1306,140.0
1307,140.0
1308,140.0
1309,140.0
1310,140.0
1311,140.0
1312,140.0
1313,140.0
1314,140.0
1315,140.0
1316,140.0
1317,140.0
1318,140.0
1319,140.0
1320,141.0
1321,141.0
1322,141.0
1323,142.0
1324,142.0
1325,142.0
1326,142.0
1327,142.0
1328,142.0
1329,142.0
1330,142.0
1331,142.0
1332,142.0
1333,142.0
1334,142.0
1335,142.0
1336,143.0
1337,143.0
1338,143.0
1339,143.0
1340,143.0
1341,144.0
1342,145.0
1343,145.0
1344,145.0
1345,145.0
1346,146.0
1347,146.0
1348,146.0
1349,146.0
1350,146.0
1351,146.0
1352,146.0
1353,146.0
1354,146.0
1355,146.0
1356,146.0
1357,146.0
1358,146.0
1359,146.0
1360,146.0
1361,146.0
1362,146.0
1363,147.0
1364,147.0
1365,147.0
1366,147.0
1367,147.0
1368,147.0
1369,147.0
1370,147.0
1371,147.0
1372,147.0
1373,147.0
1374,148.0
1375,148.0
1376,148.0
1377,148.0
1378,149.0
1379,149.0
1380,149.0
1381,149.0
1382,149.0
1383,150.0
1384,150.0
1385,150.0
1386,150.0
1387,150.0
1388,150.0
1389,150.0
1390,150.0
1391,150.0
1392,150.0
1393,150.0
1394,150.0
1395,150.0
1396,150.0
1397,150.0
1398,150.0
1399,150.0
1400,150.0
1401,151.0
1402,151.0
1403,151.0
1404,151.0
1405,151.0
1406,151.0
1407,152.0
1408,152.0
1409,153.0
1410,153.0
1411,153.0
1412,153.0
1413,153.0
1414,153.0
1415,154.0
1416,154.0
1417,154.0
1418,154.0
1419,154.0
1420,154.0
1421,154.0
1422,154.0
1423,154.0
1424,154.0
1425,154.0
1426,154.0
1427,154.0
1428,154.0
1429,154.0
1430,155.0
1431,155.0
1432,155.0
1433,155.0
1434,156.0
1435,156.0
1436,156.0
1437,156.0
1438,156.0
1439,156.0
1440,156.0
1441,156.0
1442,156.0
1443,156.0
1444,156.0
1445,156.0
1446,156.0
1447,156.0
1448,156.0
1449,156.0
1450,157.0
1451,157.0
1452,157.0
1453,157.0
1454,157.0
1455,157.0
1456,158.0
1457,158.0
1458,158.0
1459,158.0
1460,158.0
1461,158.0
1462,158.0
1463,158.0
1464,158.0
1465,158.0
1466,158.0
1467,158.0
1468,158.0
1469,158.0
1470,158.0
1471,158.0
1472,158.0
1473,158.0
1474,158.0
1475,158.0
1476,159.0
1477,159.0
1478,159.0
1479,159.0
1480,160.0
1481,160.0
1482,160.0
1483,160.0
1484,161.0
1485,161.0
1486,161.0
1487,161.0
1488,161.0
1489,161.0
1490,161.0
1491,161.0
1492,161.0
1493,161.0
1494,161.0
1495,161.0
1496,161.0
1497,161.0
1498,162.0
1499,162.0
1500,163.0
1501,163.0
1502,163.0
1503,163.0
1504,164.0
1505,164.0
1506,164.0
1507,164.0
1508,164.0
1509,164.0
1510,164.0
1511,164.0
1512,164.0
1513,164.0
1514,164.0
1515,164.0
1516,164.0
1517,165.0
1518,165.0
1519,165.0
1520,166.0
1521,166.0
1522,166.0
1523,166.0
1524,166.0
1525,166.0
1526,166.0
1527,167.0
1528,167.0
1529,167.0
1530,167.0
1531,167.0
1532,167.0
1533,167.0
1534,167.0
1535,167.0
1536,167.0
1537,167.0
1538,167.0
1539,167.0
1540,168.0
1541,168.0
1542,168.0
1543,168.0
1544,168.0
1545,168.0
1546,168.0
1547,168.0
1548,168.0
1549,168.0
1550,168.0
1551,168.0
1552,168.0
1553,168.0
1554,168.0
1555,168.0
1556,168.0
1557,169.0
1558,169.0
1559,169.0
1560,169.0
1561,169.0
1562,169.0
1563,169.0
1564,169.0
1565,169.0
1566,169.0
1567,169.0
1568,169.0
1569,169.0
1570,169.0
1571,169.0
1572,169.0
1573,169.0
1574,169.0
1575,169.0
1576,170.0
1577,170.0
1578,171.0
1579,171.0
1580,171.0
1581,171.0
1582,171.0
1583,171.0
1584,171.0
1585,171.0
1586,171.0
1587,171.0
1588,172.0
1589,172.0
1590,172.0
1591,172.0
1592,172.0
1593,172.0
1594,172.0
1595,172.0
1596,173.0
1597,173.0
1598,173.0
1599,173.0
1600,173.0
1601,173.0
1602,173.0
1603,173.0
1604,173.0
1605,173.0
1606,173.0
1607,173.0
1608,173.0
1609,173.0
1610,173.0
1611,173.0
1612,173.0
1613,173.0
1614,174.0
1615,174.0
1616,174.0
1617,174.0
1618,174.0
1619,174.0
1620,174.0
1621,174.0
1622,174.0
1623,174.0
1624,174.0
1625,174.0
1626,174.0
1627,174.0
1628,174.0
1629,174.0
1630,174.0
1631,174.0
1632,174.0
1633,174.0
1634,175.0
1635,175.0
1636,175.0
1637,175.0
1638,175.0
1639,175.0
1640,175.0
1641,175.0
1642,175.0
1643,176.0
1644,176.0
1645,176.0
1646,176.0
1647,176.0
1648,177.0
1649,177.0
1650,177.0
1651,178.0
1652,178.0
1653,179.0
1654,179.0
1655,179.0
1656,179.0
1657,179.0
1658,179.0
1659,179.0
1660,179.0
1661,179.0
1662,179.0
1663,179.0
1664,179.0
1665,179.0
1666,179.0
1667,179.0
1668,179.0
1669,179.0
1670,179.0
1671,179.0
1672,180.0
1673,180.0
1674,180.0
1675,180.0
1676,180.0
1677,180.0
1678,180.0
1679,180.0
1680,180.0
1681,180.0
1682,180.0
1683,180.0
1684,180.0
1685,180.0
1686,180.0
1687,180.0
1688,181.0
1689,182.0
1690,182.0
1691,182.0
1692,182.0
1693,182.0
1694,182.0
1695,182.0
1696,182.0
1697,182.0
1698,182.0
1699,182.0
1700,182.0
1701,182.0
1702,182.0
1703,183.0
1704,183.0
1705,183.0
1706,183.0
1707,183.0
1708,183.0
1709,183.0
1710,183.0
1711,184.0
1712,184.0
1713,184.0
1714,184.0
1715,184.0
1716,184.0
1717,184.0
1718,184.0
1719,184.0
1720,184.0
1721,184.0
1722,184.0
1723,184.0
1724,184.0
1725,184.0
1726,184.0
1727,184.0
1728,184.0
1729,184.0
1730,184.0
1731,185.0
1732,185.0
1733,185.0
1734,186.0
1735,186.0
1736,186.0
1737,186.0
1738,186.0
1739,186.0
1740,186.0
1741,186.0
1742,186.0
1743,186.0
1744,186.0
1745,186.0
1746,186.0
1747,186.0
1748,186.0
1749,186.0
1750,186.0
1751,186.0
1752,187.0
1753,187.0
1754,187.0
1755,187.0
1756,187.0
1757,187.0
1758,187.0
1759,187.0
1760,188.0
1761,188.0
1762,188.0
1763,188.0
1764,188.0
1765,188.0
1766,188.0
1767,188.0
1768,188.0
1769,188.0
1770,188.0
1771,188.0
1772,188.0
1773,189.0
1774,189.0
1775,190.0
1776,190.0
1777,190.0
1778,190.0
1779,190.0
1780,190.0
1781,190.0
1782,190.0
1783,190.0
1784,190.0
1785,190.0
1786,190.0
1787,190.0
1788,190.0
1789,190.0
1790,190.0
1791,190.0
1792,190.0
1793,191.0
1794,191.0
1795,191.0
1796,191.0
1797,191.0
1798,191.0
1799,192.0
1800,192.0
1801,192.0
1802,192.0
1803,192.0
1804,192.0
1805,193.0
1806,194.0
1807,194.0
1808,195.0
1809,195.0
1810,195.0
1811,195.0
1812,195.0
1813,195.0
1814,195.0
1815,195.0
1816,195.0
1817,195.0
1818,195.0
1819,195.0
1820,195.0
1821,195.0
1822,195.0
1823,195.0
1824,195.0
1825,196.0
1826,196.0
1827,196.0
1828,196.0
1829,196.0
1830,196.0
1831,196.0
1832,196.0
1833,196.0
1834,197.0
1835,197.0
1836,197.0
1837,197.0
1838,197.0
1839,197.0
1840,197.0
1841,197.0
1842,197.0
1843,197.0
1844,197.0
1845,197.0
1846,197.0
1847,197.0
1848,198.0
1849,198.0
1850,198.0
1851,198.0
1852,198.0
1853,198.0
1854,198.0
1855,198.0
1856,198.0
1857,198.0
1858,198.0
1859,198.0
1860,199.0
1861,199.0
1862,199.0
1863,199.0
1864,199.0
1865,199.0
1866,199.0
1867,199.0
1868,199.0
1869,199.0
1870,199.0
1871,199.0
1872,199.0
1873,200.0
1874,200.0
1875,200.0
1876,200.0
1877,200.0
1878,200.0
1879,200.0
1880,200.0
1881,200.0
1882,200.0
1883,200.0
1884,200.0
1885,200.0
1886,200.0
1887,201.0
1888,201.0
1889,201.0
1890,201.0
1891,201.0
1892,201.0
1893,201.0
1894,201.0
1895,201.0
1896,201.0
1897,201.0
1898,201.0
1899,201.0
1900,201.0
1901,201.0
1902,201.0
1903,201.0
1904,201.0
1905,201.0
1906,202.0
1907,202.0
1908,202.0
1909,202.0
1910,202.0
1911,202.0
1912,202.0
1913,202.0
1914,202.0
1915,202.0
1916,203.0
1917,203.0
1918,203.0
1919,203.0
1920,203.0
1921,203.0
1922,204.0
1923,204.0
1924,204.0
1925,204.0
1926,204.0
1927,204.0
1928,205.0
1929,205.0
1930,206.0
1931,206.0
1932,206.0
1933,206.0
1934,206.0
1935,206.0
1936,206.0
1937,206.0
1938,206.0
1939,206.0
1940,206.0
1941,206.0
1942,206.0
1943,206.0
1944,206.0
1945,206.0
1946,207.0
1947,207.0
1948,207.0
1949,207.0
1950,207.0
1951,207.0
1952,207.0
1953,207.0
1954,207.0
1955,207.0
1956,207.0
1957,207.0
1958,207.0
1959,207.0
1960,207.0
1961,207.0
1962,207.0
1963,207.0
1964,208.0
1965,208.0
1966,208.0
1967,208.0
1968,208.0
1969,208.0
1970,208.0
1971,208.0
1972,208.0
1973,208.0
1974,208.0
1975,209.0
1976,209.0
1977,209.0
1978,210.0
1979,210.0
1980,210.0
1981,210.0
1982,210.0
1983,211.0
1984,211.0
1985,212.0
1986,212.0
1987,213.0
1988,213.0
1989,213.0
1990,213.0
1991,213.0
1992,213.0
1993,213.0
1994,213.0
1995,213.0
1996,213.0
1997,213.0
1998,213.0
1999,213.0
2000,213.0
2001,213.0
2002,213.0
2003,213.0
2004,213.0
2005,214.0
2006,214.0
2007,214.0
2008,214.0
2009,214.0
2010,214.0
2011,214.0
2012,214.0
2013,214.0
2014,214.0
2015,214.0
2016,214.0
2017,214.0
2018,215.0
2019,215.0
2020,215.0
2021,215.0
2022,215.0
2023,215.0
2024,215.0
2025,215.0
2026,215.0
2027,215.0
2028,215.0
2029,215.0
2030,215.0
2031,215.0
2032,215.0
2033,215.0
2034,215.0
2035,215.0
2036,215.0
2037,215.0
2038,216.0
2039,216.0
2040,216.0
2041,216.0
2042,216.0
2043,216.0
2044,216.0
2045,216.0
2046,216.0
2047,216.0
2048,216.0
2049,216.0
2050,216.0
2051,216.0
2052,216.0
2053,216.0
2054,216.0
2055,216.0
2056,216.0
2057,217.0
2058,218.0
2059,218.0
2060,218.0
2061,218.0
2062,218.0
2063,218.0
2064,218.0
2065,218.0
2066,218.0
2067,218.0
2068,218.0
2069,218.0
2070,218.0
2071,218.0
2072,218.0
2073,218.0
2074,219.0
2075,219.0
2076,219.0
2077,219.0
2078,219.0
2079,219.0
2080,219.0
2081,219.0
2082,219.0
2083,219.0
2084,219.0
2085,219.0
2086,219.0
2087,219.0
2088,220.0
2089,220.0
2090,220.0
2091,221.0
2092,221.0
2093,221.0
2094,221.0
2095,221.0
2096,221.0
2097,221.0
2098,221.0
2099,221.0
2100,221.0
2101,221.0
2102,221.0
2103,222.0
2104,222.0
2105,222.0
2106,222.0
2107,222.0
2108,223.0
2109,223.0
2110,223.0
2111,223.0
2112,223.0
2113,223.0
2114,223.0
2115,223.0
2116,223.0
2117,223.0
2118,223.0
2119,223.0
2120,223.0
2121,223.0
2122,223.0
2123,223.0
2124,223.0
2125,223.0
2126,223.0
2127,224.0
2128,224.0
2129,224.0
2130,224.0
2131,224.0
2132,224.0
2133,224.0
2134,224.0
2135,224.0
2136,224.0
2137,224.0
2138,224.0
2139,224.0
2140,225.0
2141,225.0
2142,225.0
2143,225.0
2144,225.0
2145,225.0
2146,225.0
2147,225.0
2148,225.0
2149,225.0
2150,225.0
2151,225.0
2152,225.0
2153,225.0
2154,225.0
2155,225.0
2156,225.0
2157,225.0
2158,225.0
2159,225.0
2160,226.0
2161,226.0
2162,226.0
2163,226.0
2164,226.0
2165,226.0
2166,226.0
2167,226.0
2168,227.0
2169,227.0
2170,227.0
2171,227.0
2172,227.0
2173,227.0
2174,227.0
2175,227.0
2176,227.0
2177,227.0
2178,227.0
2179,227.0
2180,227.0
2181,227.0
2182,228.0
2183,228.0
2184,229.0
2185,229.0
2186,229.0
2187,229.0
2188,229.0
2189,229.0
2190,229.0
2191,229.0
2192,229.0
2193,229.0
2194,229.0
2195,229.0
2196,229.0
2197,229.0
2198,230.0
2199,230.0
2200,230.0
2201,230.0
2202,231.0
2203,231.0
2204,231.0
2205,231.0
2206,231.0
2207,231.0
2208,231.0
2209,231.0
2210,231.0
2211,231.0
2212,231.0
2213,231.0
2214,232.0
2215,232.0
2216,232.0
2217,232.0
2218,232.0
2219,232.0
2220,232.0
2221,232.0
2222,232.0
2223,232.0
2224,232.0
2225,232.0
2226,232.0
2227,232.0
2228,233.0
2229,233.0
2230,233.0
2231,233.0
2232,233.0
2233,233.0
2234,233.0
2235,233.0
2236,233.0
2237,233.0
2238,233.0
2239,233.0
2240,233.0
2241,233.0
2242,233.0
2243,233.0
2244,233.0
2245,234.0
2246,234.0
2247,234.0
2248,234.0
2249,234.0
2250,234.0
2251,235.0
2252,235.0
2253,235.0
2254,235.0
2255,235.0
2256,235.0
2257,235.0
2258,235.0
2259,235.0
2260,235.0
2261,235.0
2262,235.0
2263,235.0
2264,235.0
2265,235.0
2266,235.0
2267,235.0
2268,235.0
2269,235.0
2270,236.0
2271,236.0
2272,236.0
2273,236.0
2274,236.0
2275,236.0
2276,236.0
2277,236.0
2278,236.0
2279,236.0
2280,236.0
2281,236.0
2282,236.0
2283,236.0
2284,236.0
2285,236.0
2286,236.0
2287,236.0
2288,236.0
2289,236.0
2290,237.0
2291,237.0
2292,237.0
2293,237.0
2294,237.0
2295,237.0
2296,237.0
2297,237.0
2298,237.0
2299,237.0
2300,237.0
2301,237.0
2302,237.0
2303,237.0
2304,238.0
2305,238.0
2306,238.0
2307,238.0
2308,239.0
2309,239.0
2310,239.0
2311,239.0
2312,239.0
2313,239.0
2314,239.0
2315,239.0
2316,239.0
2317,239.0
2318,239.0
2319,240.0
2320,240.0
2321,240.0
2322,240.0
2323,241.0
2324,241.0
2325,241.0
2326,241.0
2327,241.0
2328,241.0
2329,241.0
2330,241.0
2331,241.0
2332,241.0
2333,241.0
2334,241.0
2335,241.0
2336,242.0
2337,242.0
2338,242.0
2339,242.0
2340,242.0
2341,243.0
2342,243.0
2343,244.0
2344,244.0
2345,244.0
2346,244.0
2347,244.0
2348,244.0
2349,244.0
2350,244.0
2351,244.0
2352,245.0
2353,245.0
2354,246.0
2355,246.0
2356,246.0
2357,247.0
2358,247.0
2359,247.0
2360,247.0
2361,247.0
2362,247.0
2363,247.0
2364,247.0
2365,247.0
2366,247.0
2367,247.0
2368,247.0
2369,247.0
2370,247.0
2371,247.0
2372,247.0
2373,247.0
2374,247.0
2375,248.0
2376,248.0
2377,249.0
2378,249.0
2379,250.0
2380,250.0
2381,250.0
2382,250.0
2383,250.0
2384,250.0
2385,250.0
2386,250.0
2387,250.0
2388,250.0
2389,250.0
2390,250.0
2391,250.0
2392,250.0
2393,250.0
2394,250.0
2395,250.0
2396,251.0
2397,251.0
2398,251.0
2399,252.0
2400,252.0
2401,252.0
2402,252.0
2403,252.0
2404,252.0
2405,252.0
2406,252.0
2407,252.0
2408,252.0
2409,252.0
2410,252.0
2411,252.0
2412,252.0
2413,252.0
2414,252.0
2415,252.0
2416,252.0
2417,252.0
2418,252.0
2419,253.0
2420,253.0
2421,254.0
2422,254.0
2423,254.0
2424,254.0
2425,254.0
2426,254.0
2427,254.0
2428,254.0
2429,254.0
2430,254.0
2431,254.0
2432,254.0
2433,254.0
2434,254.0
2435,254.0
2436,255.0
2437,255.0
2438,255.0
2439,255.0
2440,255.0
2441,255.0
2442,255.0
2443,255.0
2444,256.0
2445,256.0
2446,256.0
2447,256.0
2448,256.0
2449,256.0
2450,256.0
2451,256.0
2452,256.0
2453,256.0
2454,257.0
2455,257.0
2456,257.0
2457,257.0
2458,257.0
2459,257.0
2460,257.0
2461,258.0
2462,258.0
2463,258.0
2464,258.0
2465,258.0
2466,258.0
2467,258.0
2468,258.0
2469,258.0
2470,258.0
2471,259.0
2472,259.0
2473,259.0
2474,259.0
2475,259.0
2476,259.0
2477,259.0
2478,259.0
2479,259.0
2480,259.0
2481,259.0
2482,259.0
2483,259.0
2484,259.0
2485,259.0
2486,259.0
2487,259.0
2488,259.0
2489,259.0
2490,260.0
2491,261.0
2492,261.0
2493,262.0
2494,262.0
2495,262.0
2496,262.0
2497,262.0
2498,262.0
2499,262.0
2500,262.0
2501,262.0
2502,262.0
2503,262.0
2504,262.0
2505,262.0
2506,262.0
2507,262.0
2508,263.0
2509,263.0
2510,263.0
2511,263.0
2512,263.0
2513,263.0
2514,263.0
2515,263.0
2516,264.0
2517,264.0
2518,264.0
2519,264.0
2520,264.0
2521,264.0
2522,264.0
2523,264.0
2524,264.0
2525,264.0
2526,265.0
2527,265.0
2528,265.0
2529,265.0
2530,265.0
2531,265.0
2532,266.0
2533,266.0
2534,266.0
2535,266.0
2536,266.0
2537,267.0
2538,267.0
2539,267.0
2540,267.0
2541,267.0
2542,267.0
2543,267.0
2544,267.0
2545,268.0
2546,268.0
2547,268.0
2548,268.0
2549,268.0
2550,268.0
2551,268.0
2552,268.0
2553,268.0
2554,268.0
2555,268.0
2556,268.0
2557,268.0
2558,268.0
2559,268.0
2560,269.0
2561,269.0
2562,269.0
2563,270.0
2564,270.0
2565,270.0
2566,270.0
2567,271.0
2568,272.0
2569,272.0
2570,272.0
2571,272.0
2572,272.0
2573,272.0
2574,272.0
2575,272.0
2576,272.0
2577,272.0
2578,272.0
2579,273.0
2580,273.0
2581,273.0
2582,273.0
2583,273.0
2584,273.0
2585,273.0
2586,274.0
2587,274.0
2588,274.0
2589,274.0
2590,274.0
2591,274.0
2592,274.0
2593,274.0
2594,274.0
2595,274.0
2596,274.0
2597,274.0
2598,275.0
2599,275.0
2600,275.0
2601,275.0
2602,275.0
2603,275.0
2604,275.0
2605,275.0
2606,276.0
2607,276.0
2608,276.0
2609,276.0
2610,276.0
2611,276.0
2612,276.0
2613,276.0
2614,276.0
2615,276.0
2616,276.0
2617,276.0
2618,276.0
2619,276.0
2620,276.0
2621,276.0
2622,276.0
2623,276.0
2624,276.0
2625,277.0
2626,277.0
2627,277.0
2628,277.0
2629,277.0
2630,277.0
2631,277.0
2632,277.0
2633,277.0
2634,277.0
2635,277.0
2636,277.0
2637,277.0
2638,277.0
2639,277.0
2640,277.0
2641,277.0
2642,277.0
2643,277.0
2644,277.0
2645,278.0
2646,278.0
2647,278.0
2648,278.0
2649,278.0
2650,278.0
2651,278.0
2652,278.0
2653,278.0
2654,278.0
2655,278.0
2656,278.0
2657,278.0
2658,278.0
2659,279.0
2660,279.0
2661,279.0
2662,279.0
2663,279.0
2664,279.0
2665,279.0
2666,279.0
2667,279.0
2668,279.0
2669,280.0
2670,280.0
2671,280.0
2672,280.0
2673,280.0
2674,280.0
2675,280.0
2676,280.0
2677,280.0
2678,280.0
2679,281.0
2680,281.0
2681,281.0
2682,281.0
2683,281.0
2684,281.0
2685,281.0
2686,281.0
2687,281.0
2688,282.0
2689,282.0
2690,282.0
2691,282.0
2692,282.0
2693,282.0
2694,282.0
2695,282.0
2696,282.0
2697,282.0
2698,282.0
2699,282.0
2700,282.0
2701,282.0
2702,282.0
2703,282.0
2704,282.0
2705,282.0
2706,282.0
2707,282.0
2708,283.0
2709,283.0
2710,283.0
2711,283.0
2712,283.0
2713,283.0
2714,284.0
2715,284.0
2716,284.0
2717,284.0
2718,284.0
2719,284.0
2720,284.0
2721,284.0
2722,285.0
2723,285.0
2724,285.0
2725,285.0
2726,285.0
2727,285.0
2728,285.0
2729,285.0
2730,285.0
2731,285.0
2732,285.0
2733,285.0
2734,285.0
2735,286.0
2736,286.0
2737,286.0
2738,286.0
2739,286.0
2740,286.0
2741,286.0
2742,286.0
2743,286.0
2744,286.0
2745,287.0
2746,287.0
2747,287.0
2748,287.0
2749,287.0
2750,287.0
2751,288.0
2752,288.0
2753,288.0
2754,288.0
2755,288.0
2756,288.0
2757,288.0
2758,288.0
2759,288.0
2760,288.0
2761,288.0
2762,288.0
2763,288.0
2764,288.0
2765,288.0
2766,288.0
2767,288.0
2768,289.0
2769,289.0
2770,289.0
2771,289.0
2772,289.0
2773,289.0
2774,289.0
2775,289.0
2776,289.0
2777,289.0
2778,289.0
2779,289.0
2780,289.0
2781,289.0
2782,289.0
2783,289.0
2784,289.0
2785,289.0
2786,290.0
2787,290.0
2788,291.0
2789,291.0
2790,291.0
2791,291.0
2792,291.0
2793,291.0
2794,291.0
2795,292.0
2796,292.0
2797,292.0
2798,292.0
2799,292.0
2800,292.0
2801,292.0
2802,292.0
2803,292.0
2804,292.0
2805,292.0
2806,292.0
2807,292.0
2808,292.0
2809,292.0
2810,292.0
2811,292.0
2812,292.0
2813,292.0
2814,292.0
2815,293.0
2816,293.0
2817,293.0
2818,293.0
2819,293.0
2820,293.0
2821,293.0
2822,293.0
2823,293.0
2824,293.0
2825,293.0
2826,293.0
2827,293.0
2828,293.0
2829,293.0
2830,294.0
2831,294.0
2832,294.0
2833,294.0
2834,294.0
2835,294.0
2836,294.0
2837,295.0
2838,295.0
2839,296.0
2840,297.0
2841,297.0
2842,297.0
2843,297.0
2844,297.0
2845,298.0
2846,298.0
2847,298.0
2848,298.0
2849,298.0
2850,298.0
2851,298.0
2852,298.0
2853,298.0
2854,299.0
2855,299.0
2856,299.0
2857,299.0
2858,299.0
2859,299.0
2860,299.0
2861,299.0
2862,299.0
2863,299.0
2864,299.0
2865,300.0
2866,300.0
2867,300.0
2868,300.0
2869,300.0
2870,300.0
2871,300.0
2872,300.0
2873,300.0
2874,300.0
2875,301.0
2876,301.0
2877,301.0
2878,301.0
2879,301.0
2880,301.0
2881,301.0
2882,301.0
2883,301.0
2884,301.0
2885,302.0
2886,302.0
2887,302.0
2888,302.0
2889,302.0
2890,302.0
2891,302.0
2892,302.0
2893,302.0
2894,302.0
2895,302.0
2896,302.0
2897,302.0
2898,302.0
2899,302.0
2900,302.0
2901,303.0
2902,303.0
2903,303.0
2904,303.0
2905,303.0
2906,304.0
2907,304.0
2908,304.0
2909,304.0
2910,304.0
2911,305.0
2912,305.0
2913,305.0
2914,305.0
2915,305.0
2916,305.0
2917,305.0
2918,305.0
2919,306.0
2920,306.0
2921,306.0
2922,306.0
2923,306.0
2924,306.0
2925,306.0
2926,306.0
2927,306.0
2928,306.0
2929,306.0
2930,306.0
2931,306.0
2932,306.0
2933,306.0
2934,306.0
2935,306.0
2936,307.0
2937,307.0
2938,307.0
2939,307.0
2940,307.0
2941,307.0
2942,308.0
2943,308.0
2944,308.0
2945,308.0
2946,308.0
2947,308.0
2948,308.0
2949,308.0
2950,308.0
2951,308.0
2952,308.0
2953,308.0
2954,308.0
2955,308.0
2956,308.0
2957,308.0
2958,308.0
2959,308.0
2960,309.0
2961,309.0
2962,309.0
2963,309.0
2964,309.0
2965,309.0
2966,309.0
2967,309.0
2968,309.0
2969,309.0
2970,309.0
2971,309.0
2972,309.0
2973,309.0
2974,309.0
2975,309.0
2976,309.0
2977,309.0
2978,310.0
2979,310.0
2980,310.0
2981,310.0
2982,310.0
2983,310.0
2984,310.0
2985,310.0
2986,310.0
2987,310.0
2988,310.0
2989,310.0
2990,311.0
2991,311.0
2992,311.0
2993,311.0
2994,311.0
2995,311.0
2996,311.0
2997,311.0
2998,311.0
2999,311.0
3000,312.0
3001,312.0
3002,312.0
3003,312.0
3004,312.0
3005,312.0
3006,312.0
3007,312.0
3008,312.0
3009,312.0
3010,313.0
3011,313.0
3012,314.0
3013,314.0
3014,314.0
3015,314.0
3016,314.0
3017,314.0
3018,314.0
3019,315.0
3020,315.0
3021,316.0
3022,316.0
3023,316.0
3024,316.0
3025,316.0
3026,316.0
3027,316.0
3028,316.0
3029,316.0
3030,317.0
3031,317.0
3032,318.0
3033,318.0
3034,318.0
3035,318.0
3036,318.0
3037,318.0
3038,318.0
3039,318.0
3040,318.0
3041,318.0
3042,318.0
3043,318.0
3044,319.0
3045,319.0
3046,319.0
3047,319.0
3048,319.0
3049,319.0
3050,319.0
3051,320.0
3052,320.0
3053,320.0
3054,320.0
3055,320.0
3056,320.0
3057,320.0
3058,321.0
3059,321.0
3060,321.0
3061,322.0
3062,322.0
3063,322.0
3064,323.0
3065,323.0
3066,324.0
3067,324.0
3068,324.0
3069,324.0
3070,324.0
3071,324.0
3072,324.0
3073,324.0
3074,324.0
3075,325.0
3076,325.0
3077,325.0
3078,325.0
3079,325.0
3080,325.0
3081,325.0
3082,325.0
3083,325.0
3084,325.0
3085,325.0
3086,325.0
3087,325.0
3088,325.0
3089,325.0
3090,325.0
3091,325.0
3092,325.0
3093,326.0
3094,326.0
3095,326.0
3096,326.0
3097,327.0
3098,327.0
3099,327.0
3100,327.0
3101,328.0
3102,328.0
3103,328.0
3104,328.0
3105,329.0
3106,329.0
3107,329.0
3108,329.0
3109,329.0
3110,329.0
3111,329.0
3112,329.0
3113,329.0
3114,330.0
3115,330.0
3116,330.0
3117,330.0
3118,330.0
3119,330.0
3120,330.0
3121,330.0
3122,330.0
3123,330.0
3124,330.0
3125,330.0
3126,331.0
3127,331.0
3128,331.0
3129,331.0
3130,331.0
3131,331.0
3132,331.0
3133,331.0
3134,331.0
3135,331.0
3136,332.0
3137,332.0
3138,333.0
3139,333.0
3140,333.0
3141,333.0
3142,333.0
3143,333.0
3144,333.0
3145,333.0
3146,333.0
3147,333.0
3148,333.0
3149,333.0
3150,333.0
3151,333.0
3152,334.0
3153,334.0
3154,334.0
3155,334.0
3156,334.0
3157,334.0
3158,334.0
3159,334.0
3160,334.0
3161,334.0
3162,334.0
3163,334.0
3164,334.0
3165,335.0
3166,335.0
3167,336.0
3168,336.0
3169,336.0
3170,336.0
3171,336.0
3172,336.0
3173,336.0
3174,336.0
3175,336.0
3176,336.0
3177,337.0
3178,337.0
3179,337.0
3180,337.0
3181,337.0
3182,337.0
3183,337.0
3184,337.0
3185,337.0
3186,337.0
3187,338.0
3188,338.0
3189,338.0
3190,338.0
3191,338.0
3192,338.0
3193,338.0
3194,338.0
3195,338.0
3196,338.0
3197,338.0
3198,338.0
3199,338.0
3200,338.0
3201,339.0
3202,339.0
3203,339.0
3204,340.0
3205,340.0
3206,340.0
3207,340.0
3208,340.0
3209,340.0
3210,340.0
3211,340.0
3212,340.0
3213,340.0
3214,340.0
3215,340.0
3216,341.0
3217,341.0
3218,341.0
3219,341.0
3220,341.0
3221,342.0
3222,342.0
3223,342.0
3224,342.0
3225,343.0
3226,343.0
3227,343.0
3228,343.0
3229,343.0
3230,343.0
3231,343.0
3232,344.0
3233,344.0
3234,344.0
3235,345.0
3236,345.0
3237,345.0
3238,345.0
3239,345.0
3240,345.0
3241,346.0
3242,346.0
3243,346.0
3244,346.0
3245,346.0
3246,346.0
3247,346.0
3248,346.0
3249,346.0
3250,346.0
3251,346.0
3252,346.0
3253,346.0
3254,346.0
3255,346.0
3256,346.0
3257,346.0
3258,347.0
3259,348.0
3260,348.0
3261,348.0
3262,348.0
3263,348.0
3264,348.0
3265,349.0
3266,349.0
3267,349.0
3268,349.0
3269,349.0
3270,349.0
3271,349.0
3272,349.0
3273,349.0
3274,349.0
3275,349.0
3276,349.0
3277,349.0
3278,350.0
3279,350.0
3280,350.0
3281,350.0
3282,350.0
3283,350.0
3284,350.0
3285,350.0
3286,350.0
3287,350.0
3288,350.0
3289,350.0
3290,350.0
3291,350.0
3292,350.0
3293,351.0
3294,351.0
3295,351.0
3296,351.0
3297,351.0
3298,351.0
3299,351.0
3300,351.0
3301,351.0
3302,351.0
3303,351.0
3304,351.0
3305,351.0
3306,351.0
3307,351.0
3308,351.0
3309,351.0
3310,351.0
3311,352.0
3312,352.0
3313,352.0
3314,352.0
3315,352.0
3316,352.0
3317,352.0
3318,352.0
3319,352.0
3320,352.0
3321,352.0
3322,352.0
3323,352.0
3324,352.0
3325,352.0
3326,352.0
3327,352.0
3328,353.0
3329,353.0
3330,353.0
3331,353.0
3332,353.0
3333,353.0
3334,353.0
3335,353.0
3336,353.0
3337,353.0
3338,353.0
3339,353.0
3340,353.0
3341,353.0
3342,353.0
3343,354.0
3344,354.0
3345,354.0
3346,354.0
3347,354.0
3348,354.0
3349,354.0
3350,354.0
3351,354.0
3352,354.0
3353,354.0
3354,354.0
3355,354.0
3356,355.0
3357,355.0
3358,355.0
3359,355.0
3360,355.0
3361,355.0
3362,356.0
3363,356.0
3364,356.0
3365,356.0
3366,356.0
3367,356.0
3368,356.0
3369,356.0
3370,356.0
3371,356.0
3372,356.0
3373,356.0
3374,356.0
3375,356.0
3376,356.0
3377,356.0
3378,356.0
3379,356.0
3380,356.0
3381,357.0
3382,357.0
3383,358.0
3384,358.0
3385,358.0
3386,358.0
3387,358.0
3388,358.0
3389,358.0
3390,358.0
3391,358.0
3392,358.0
3393,358.0
3394,358.0
3395,358.0
3396,358.0
3397,359.0
3398,359.0
3399,359.0
3400,359.0
3401,359.0
3402,359.0
3403,359.0
3404,359.0
3405,359.0
3406,359.0
3407,360.0
3408,360.0
3409,361.0
3410,361.0
3411,362.0
3412,362.0
3413,362.0
3414,362.0
3415,362.0
3416,362.0
3417,362.0
3418,362.0
3419,362.0
3420,363.0
3421,363.0
3422,363.0
3423,363.0
3424,364.0
3425,364.0
3426,364.0
3427,364.0
3428,365.0
3429,365.0
3430,365.0
3431,365.0
3432,366.0
3433,366.0
3434,366.0
3435,366.0
3436,366.0
3437,366.0
3438,366.0
3439,366.0
3440,366.0
3441,366.0
3442,366.0
3443,366.0
3444,366.0
3445,366.0
3446,366.0
3447,366.0
3448,366.0
3449,366.0
3450,366.0
3451,367.0
3452,367.0
3453,367.0
3454,367.0
3455,367.0
3456,367.0
3457,367.0
3458,367.0
3459,367.0
3460,367.0
3461,367.0
3462,367.0
3463,367.0
3464,367.0
3465,367.0
3466,367.0
3467,367.0
3468,368.0
3469,368.0
3470,368.0
3471,368.0
3472,368.0
3473,368.0
3474,368.0
3475,368.0
3476,369.0
3477,369.0
3478,369.0
3479,369.0
3480,370.0
3481,370.0
