id_usuario,id_videojuego,fecha v,cantidad
9,15.0,2021-05-13,0.75
9,673.0,2021-10-30,16.0
9,730.0,2021-04-14,48.0
9,1011.0,2021-01-16,5.0
9,1262.0,2021-12-22,0.75
9,1331.0,2021-09-15,4.75
9,1871.0,2021-05-07,1.25
9,1887.0,2020-05-05,48.0
9,1942.0,2020-07-04,0.0
9,1970.0,2021-07-10,3.75
9,6036.0,2020-06-12,73.0
9,6036.0,2020-06-26,4.0
9,7346.0,2021-09-07,0.5
9,7351.0,2020-12-11,52.0
9,11133.0,2020-05-20,52.0
9,14593.0,2020-09-22,2.5
9,26758.0,2020-09-12,224.0
9,26758.0,2020-09-26,23.5
9,622.0,2020-03-18,52.0
9,545.0,2021-01-04,0.75
9,1266.0,2020-05-18,100.0
9,537.0,2021-07-05,1.75
9,16.0,2020-06-10,1.5
9,37.0,2021-02-04,4.25
9,43.0,2021-06-28,52.0
9,538.0,2021-02-10,5.0
9,73.0,2020-11-05,0.75
9,124.0,2021-11-03,4.0
9,126.0,2021-05-15,308.0
9,126.0,2021-05-29,10.5
9,128.0,2020-10-04,3.75
9,71.0,2021-01-20,1.75
9,247.0,2021-09-27,3.25
9,327.0,2020-03-18,4.0
9,343.0,2021-05-16,2.25
9,358.0,2021-07-02,0.25
9,427.0,2021-08-07,4.25
9,472.0,2020-05-27,24.0
9,501.0,2021-01-16,60.0
9,533.0,2020-04-15,48.0
9,132.0,2021-01-23,24.0
10,1011.0,2020-08-13,90.0
10,1020.0,2021-10-14,60.0
10,1266.0,2021-03-30,0.0
10,1352.0,2020-04-28,3.25
10,1372.0,2020-10-10,4.75
10,1802.0,2021-01-28,2.75
10,11156.0,2020-08-12,75.0
10,2993.0,2021-09-15,0.5
10,8173.0,2020-10-12,2.75
10,12517.0,2021-03-30,48.0
10,19560.0,2020-06-24,5.0
10,538.0,2020-06-04,90.0
10,1970.0,2021-01-06,16.0
10,537.0,2021-02-12,75.0
10,5503.0,2020-10-26,1.5
10,500.0,2021-05-25,3.0
10,40.0,2021-01-20,2.5
10,73.0,2020-02-28,4.0
10,74.0,2020-09-20,600.0
10,74.0,2020-10-04,22.5
10,75.0,2022-01-06,10.0
10,109.0,2021-09-30,10.0
10,512.0,2021-06-18,4.75
10,247.0,2020-09-09,0.0
10,379.0,2020-07-04,80.25
10,431.0,2020-12-15,1.5
10,434.0,2020-02-03,60.0
10,472.0,2020-04-01,2.5
10,126.0,2020-05-19,15.0
11,1020.0,2020-02-10,52.0
11,1121.0,2021-11-19,90.0
11,1266.0,2021-02-02,0.0
11,1802.0,2020-05-29,5.0
11,1871.0,2020-02-23,3.5
11,1942.0,2021-04-04,1.0
11,1970.0,2021-06-27,24.0
11,1985.0,2021-01-01,75.0
11,2155.0,2020-10-08,1.25
11,2993.0,2020-07-05,16.0
11,7331.0,2021-04-08,0.25
11,7323.0,2022-01-08,52.0
11,7599.0,2020-06-04,2.5
11,8173.0,2021-12-18,2.5
11,11133.0,2021-04-05,1.5
11,1011.0,2021-08-16,0.0
11,11208.0,2020-05-17,121.0
11,11208.0,2020-05-31,44.5
11,12517.0,2020-02-04,3.75
11,19560.0,2021-09-13,0.5
11,6801.0,2021-12-23,3.5
11,11198.0,2020-09-24,0.0
11,960.0,2021-07-20,1.5
11,673.0,2020-06-16,0.0
11,15.0,2020-05-24,0.0
11,16.0,2021-02-07,0.0
11,730.0,2021-04-29,4.5
11,40.0,2021-04-21,4.75
11,59.0,2020-10-27,0.25
11,71.0,2020-10-12,2.25
11,72.0,2021-06-06,1.5
11,73.0,2021-08-31,1.25
11,75.0,2020-09-14,3.5
11,109.0,2020-12-16,48.0
11,21.0,2020-12-30,52.0
11,128.0,2020-06-14,80.25
11,113.0,2021-12-18,3.5
11,623.0,2022-01-09,1.0
11,545.0,2021-01-04,1.25
11,533.0,2021-05-19,1.0
11,622.0,2020-02-24,1.5
11,478.0,2020-07-18,24.0
11,427.0,2021-11-23,2.75
11,327.0,2020-04-16,0.25
11,239.0,2021-04-03,44.0
11,529.0,2021-06-07,90.0
12,7342.0,2021-08-23,60.0
12,1871.0,2020-11-22,3.0
12,1887.0,2020-07-13,1.5
12,1942.0,2020-12-02,1.0
12,2993.0,2020-11-11,75.0
12,7331.0,2021-02-28,1.5
12,7344.0,2021-11-24,2.75
12,14593.0,2020-08-28,0.25
12,8173.0,2020-06-05,90.0
12,11198.0,2021-01-01,48.0
12,12517.0,2021-01-28,75.0
12,19565.0,2020-07-08,2.75
12,26758.0,2020-05-16,8.5
12,1802.0,2021-03-01,2.75
12,7346.0,2020-04-27,5.0
12,1352.0,2021-11-16,3.75
12,74.0,2020-06-01,41.0
12,1262.0,2020-09-18,5.0
12,74.0,2020-05-18,431.0
12,1331.0,2020-07-07,1.0
12,75.0,2021-06-06,3.0
12,116.0,2020-10-22,0.25
12,247.0,2020-02-27,80.25
12,358.0,2020-11-20,2.5
12,379.0,2020-10-23,2.0
12,231.0,2020-05-15,32.0
12,434.0,2021-06-21,2.0
12,472.0,2020-09-09,100.0
12,673.0,2021-06-05,90.0
12,974.0,2021-07-22,1.25
12,979.0,2021-12-06,1.75
12,1026.0,2021-06-21,2.5
12,427.0,2020-09-23,52.0
13,1009.0,2021-03-24,0.0
13,11198.0,2021-02-09,3.75
13,8173.0,2021-05-28,1.75
13,1985.0,2020-08-31,1.5
13,1942.0,2021-05-13,4.25
13,673.0,2021-09-22,4.75
13,379.0,2021-03-15,4.5
13,500.0,2020-07-04,4.75
13,493.0,2021-08-03,0.5
13,343.0,2020-10-08,2.25
13,231.0,2020-04-26,10.0
13,121.0,2020-03-13,90.0
13,75.0,2021-08-13,2.75
13,529.0,2020-02-23,1.0
19,1871.0,2021-09-24,10.0
19,1942.0,2021-11-18,2.5
19,7342.0,2021-06-28,32.0
19,7346.0,2020-06-14,5.0
19,14593.0,2021-11-12,60.0
19,9730.0,2021-05-01,27.0
19,1802.0,2020-05-15,1.75
19,8173.0,2021-05-11,4.75
19,1384.0,2021-08-02,38.0
19,427.0,2020-04-18,3.0
19,1262.0,2020-08-14,90.0
19,1121.0,2021-06-16,3.5
19,1029.0,2020-07-12,4.0
19,974.0,2021-05-16,1.0
19,673.0,2020-09-03,2.75
19,501.0,2020-11-22,3.25
19,498.0,2021-04-30,26.5
19,16.0,2021-05-07,2.75
19,1331.0,2021-11-07,2.0
22,1121.0,2021-04-25,3.5
22,1262.0,2021-02-14,0.0
22,1384.0,2021-07-12,484.0
22,1384.0,2021-07-26,12.5
22,1887.0,2020-06-23,3.25
22,1970.0,2021-10-27,4.25
22,8173.0,2021-05-18,0.25
22,2031.0,2020-05-23,36.5
22,6801.0,2021-06-09,4.5
22,7351.0,2020-05-22,3.5
22,9730.0,2020-09-29,713.0
22,9730.0,2020-10-13,22.0
22,960.0,2021-11-14,4.25
22,2031.0,2020-05-09,293.0
22,733.0,2020-03-08,0.0
22,16.0,2020-06-13,1.0
22,501.0,2020-03-17,32.0
22,673.0,2021-01-06,3.25
22,21.0,2021-07-05,1.25
22,37.0,2021-01-26,75.0
22,40.0,2020-11-11,3.75
22,72.0,2020-05-25,4.25
22,73.0,2021-01-21,10.0
22,39.0,2021-10-03,1.0
22,109.0,2021-08-20,1.25
22,116.0,2021-04-04,2.75
22,121.0,2021-06-09,90.0
22,434.0,2021-01-06,90.0
22,472.0,2020-02-11,16.0
22,500.0,2020-03-18,1.5
22,75.0,2020-10-08,2.0
23,1942.0,2020-08-31,0.75
23,1011.0,2020-08-25,2.75
23,1020.0,2021-04-01,1.25
23,1262.0,2020-08-30,2.0
23,1266.0,2021-01-04,4.75
23,1372.0,2020-10-14,100.0
23,1802.0,2021-01-18,1.75
23,1887.0,2020-05-06,52.0
23,2993.0,2021-10-22,24.0
23,19560.0,2020-11-13,90.0
23,6036.0,2020-06-15,11.5
23,7342.0,2020-10-15,52.0
23,7344.0,2021-02-26,1.25
23,11156.0,2021-06-27,3.5
23,11198.0,2021-08-12,16.0
23,12517.0,2021-04-10,75.0
23,19565.0,2020-11-09,32.0
23,25076.0,2021-11-21,4.25
23,974.0,2020-08-16,1.75
23,6036.0,2020-06-01,184.0
23,960.0,2021-02-13,52.0
23,247.0,2021-05-06,1.0
23,559.0,2020-08-24,52.0
23,39.0,2020-12-04,3.5
23,43.0,2020-10-16,0.25
23,72.0,2021-01-26,3.75
23,73.0,2020-05-26,3.5
23,75.0,2021-01-26,4.0
23,124.0,2021-12-11,3.25
23,132.0,2021-04-20,4.75
23,327.0,2021-09-21,0.0
23,358.0,2020-08-06,2.25
23,730.0,2021-04-13,48.0
23,375.0,2020-11-23,3.5
23,537.0,2021-06-14,1.0
23,501.0,2020-03-27,2.25
23,500.0,2020-02-28,4.25
23,478.0,2020-12-12,2.0
23,533.0,2020-11-04,3.75
23,431.0,2020-10-11,52.0
23,375.0,2020-11-09,234.0
23,379.0,2021-12-15,0.25
23,472.0,2020-07-14,4.25
27,1020.0,2020-07-13,3.75
27,9730.0,2020-09-19,43.0
27,7351.0,2021-02-14,0.25
27,1887.0,2021-12-11,10.0
27,1871.0,2020-02-01,0.5
27,1352.0,2020-05-04,2.0
27,730.0,2020-07-06,16.0
27,559.0,2020-09-03,3.5
27,501.0,2020-09-15,1.5
27,493.0,2021-10-15,13.0
27,493.0,2021-10-01,508.0
27,427.0,2020-09-04,1.0
27,343.0,2021-04-04,32.0
27,247.0,2021-06-26,3.75
27,127.0,2021-06-23,4.0
27,537.0,2020-02-29,75.0
28,1871.0,2021-03-15,1.5
28,1802.0,2020-08-17,0.25
28,1331.0,2021-12-19,2.0
28,1266.0,2020-10-16,16.0
28,1262.0,2020-07-11,0.0
28,1026.0,2021-06-30,3.5
28,979.0,2020-10-11,4.5
28,1074.0,2021-07-05,47.0
28,1029.0,2021-04-08,0.5
28,1011.0,2021-06-28,2.0
28,1164.0,2021-12-03,3.75
28,1942.0,2020-12-02,5.0
28,25076.0,2021-11-29,2.0
28,3025.0,2021-04-28,0.0
28,6801.0,2021-08-04,3.75
28,7334.0,2021-07-21,3.5
28,7342.0,2021-08-26,2.0
28,7344.0,2021-05-02,3.25
28,7351.0,2020-04-03,24.0
28,7599.0,2021-12-02,0.75
28,8173.0,2021-05-10,2.5
28,11198.0,2020-04-09,1.75
28,12517.0,2020-04-26,3.0
28,14593.0,2021-01-14,3.5
28,974.0,2021-07-23,32.0
28,2993.0,2021-12-07,48.0
28,733.0,2021-12-09,0.25
28,529.0,2020-09-14,1.0
28,623.0,2021-05-09,1.0
28,16.0,2021-08-28,52.0
28,20.0,2020-06-11,41.0
28,21.0,2021-02-12,52.0
28,37.0,2021-03-17,2.5
28,40.0,2020-10-30,32.0
28,43.0,2020-02-21,4.5
28,59.0,2021-02-20,1.0
28,673.0,2021-03-08,0.25
28,109.0,2021-06-03,52.0
28,113.0,2020-03-18,2.5
28,127.0,2020-02-13,3.0
28,230.0,2021-11-10,12.0
28,75.0,2020-07-19,0.0
28,358.0,2021-08-12,3.5
28,233.0,2020-02-09,2.75
28,545.0,2020-12-20,10.0
28,538.0,2020-07-03,3.75
28,537.0,2021-06-02,0.0
28,533.0,2020-11-11,0.0
28,559.0,2021-06-19,1.5
28,493.0,2021-03-28,15.5
28,501.0,2020-02-20,1.75
28,434.0,2021-09-04,3.75
28,427.0,2020-06-09,0.0
28,478.0,2021-05-26,90.0
28,472.0,2020-11-24,3.25
30,1262.0,2021-11-05,1.5
30,19565.0,2021-05-16,90.0
30,17000.0,2021-01-28,12.0
30,8173.0,2020-08-23,4.75
30,7342.0,2020-08-01,75.0
30,7331.0,2021-10-29,1.5
30,5503.0,2020-10-03,4.0
30,1942.0,2021-04-26,24.0
30,1372.0,2020-03-28,48.0
30,14593.0,2020-11-14,5.0
30,730.0,2020-04-28,48.0
30,559.0,2020-04-29,24.0
30,1164.0,2021-01-11,2.0
30,59.0,2020-04-13,100.0
30,116.0,2020-10-22,80.25
30,128.0,2020-02-20,52.0
30,72.0,2020-11-11,48.0
30,472.0,2020-06-06,3.25
30,501.0,2021-04-29,5.0
30,545.0,2020-12-21,90.0
30,549.0,2020-06-08,33.0
30,427.0,2020-07-15,32.0
32,1985.0,2021-11-30,5.0
32,1352.0,2021-08-12,1.5
32,1802.0,2021-01-16,4.5
32,1871.0,2021-08-25,0.5
32,1887.0,2020-07-02,0.75
32,1970.0,2021-03-23,2.75
32,2993.0,2020-10-04,3.25
32,8173.0,2020-06-08,48.0
32,7342.0,2021-05-21,2.75
32,7344.0,2020-09-04,0.25
32,7351.0,2021-10-01,2.0
32,1266.0,2020-03-21,4.5
32,14593.0,2021-01-30,0.5
32,7323.0,2020-03-01,2.25
32,1262.0,2020-04-26,60.0
32,1331.0,2020-05-05,5.0
32,1011.0,2020-09-10,2.25
32,1020.0,2021-10-31,32.0
32,72.0,2021-01-01,0.25
32,75.0,2021-06-12,2.25
32,109.0,2020-12-18,100.0
32,126.0,2020-11-05,28.5
32,231.0,2021-02-22,3.5
32,247.0,2021-11-04,24.0
32,529.0,2021-07-08,0.75
32,16.0,2020-10-19,0.25
32,545.0,2020-09-22,4.5
32,559.0,2020-10-28,24.0
32,622.0,2020-11-05,75.0
32,623.0,2020-12-30,5.0
32,730.0,2021-10-04,32.0
32,733.0,2021-10-21,75.0
32,533.0,2020-11-03,5.0
35,1802.0,2021-09-15,80.25
35,1871.0,2020-11-21,1.75
35,1887.0,2020-09-27,5.0
35,1942.0,2020-10-23,1.0
35,1985.0,2021-03-13,0.0
35,2155.0,2020-03-20,5.0
35,7342.0,2020-11-27,52.0
35,8173.0,2021-01-13,100.0
35,7346.0,2021-01-16,4.75
35,9630.0,2020-06-20,7.0
35,11198.0,2021-03-06,0.5
35,12517.0,2022-01-07,3.5
35,14593.0,2021-01-25,2.75
35,1331.0,2020-08-17,0.75
35,7344.0,2020-07-22,4.25
35,1262.0,2020-04-29,10.0
35,478.0,2021-02-03,80.25
35,1074.0,2020-08-10,20.5
35,1164.0,2021-02-20,2.0
35,18.0,2020-11-16,5.0
35,113.0,2020-07-26,16.0
35,233.0,2021-06-23,90.0
35,358.0,2020-11-15,32.0
35,427.0,2021-08-03,4.75
35,501.0,2021-10-09,16.0
35,76.0,2021-03-12,21.5
35,733.0,2020-06-13,0.0
35,974.0,2021-03-06,0.75
35,1011.0,2020-02-27,1.0
35,1020.0,2020-06-17,2.5
35,1026.0,2021-01-27,1.75
35,673.0,2020-10-26,32.0
35,1029.0,2021-02-06,0.0
36,2207.0,2020-11-15,1.75
36,2155.0,2021-04-10,0.25
36,1985.0,2021-03-04,1.0
36,1970.0,2021-03-16,2.5
36,1331.0,2021-03-21,4.0
36,1384.0,2021-03-02,45.5
36,1266.0,2020-07-22,3.5
36,1070.0,2021-03-08,33.0
36,3025.0,2021-06-22,2.25
36,1942.0,2020-04-30,3.0
36,7323.0,2021-09-07,2.5
36,12517.0,2021-03-28,48.0
36,7344.0,2021-08-17,2.5
36,7346.0,2021-10-03,1.0
36,7599.0,2020-02-09,4.5
36,8173.0,2020-10-29,0.0
36,9630.0,2021-12-16,1.0
36,11198.0,2021-12-02,60.0
36,14593.0,2020-09-27,24.0
36,25076.0,2021-03-03,4.25
36,1026.0,2020-05-09,1.75
36,7342.0,2020-04-03,75.0
36,1011.0,2021-02-21,75.0
36,545.0,2021-02-06,32.0
36,733.0,2020-05-30,0.0
36,15.0,2020-10-31,1.0
36,18.0,2021-06-24,27.0
36,20.0,2020-10-15,12.0
36,37.0,2021-05-15,75.0
36,38.0,2021-11-27,1.5
36,116.0,2021-10-20,4.0
36,127.0,2020-09-04,5.0
36,247.0,2021-12-28,80.25
36,327.0,2020-10-29,4.75
36,375.0,2020-06-07,12.5
36,39.0,2021-11-09,1.75
36,478.0,2020-03-01,80.25
36,493.0,2021-05-09,9.5
36,500.0,2021-12-18,0.5
36,501.0,2020-12-23,90.0
36,529.0,2021-04-27,1.25
36,974.0,2020-04-17,0.5
36,559.0,2020-10-06,3.25
36,623.0,2021-02-05,2.0
36,730.0,2020-08-23,24.0
36,732.0,2020-12-14,60.0
36,427.0,2020-07-13,2.25
38,1331.0,2021-10-23,1.75
38,1070.0,2020-05-23,20.0
38,1029.0,2021-07-25,48.0
38,1026.0,2020-09-13,32.0
38,1020.0,2021-01-08,1.25
38,673.0,2020-09-25,4.5
38,974.0,2021-03-04,48.0
38,733.0,2021-08-26,4.5
38,731.0,2021-11-26,3.5
38,1384.0,2021-11-29,8.5
38,1011.0,2021-03-09,0.75
38,1802.0,2021-03-09,16.0
38,12517.0,2020-08-23,2.5
38,1942.0,2021-09-12,4.0
38,1985.0,2021-06-16,1.0
38,7323.0,2021-01-19,0.0
38,7342.0,2021-06-30,75.0
38,7344.0,2020-04-24,4.25
38,7346.0,2021-01-24,3.25
38,8173.0,2021-02-02,60.0
38,9630.0,2021-03-31,11.0
38,11198.0,2021-02-15,3.25
38,622.0,2020-10-13,100.0
38,14593.0,2021-09-30,0.75
38,1871.0,2020-03-22,60.0
38,559.0,2020-12-30,1.25
38,960.0,2020-08-24,60.0
38,533.0,2020-10-25,16.0
38,538.0,2020-05-21,90.0
38,15.0,2021-07-28,2.25
38,21.0,2021-09-03,4.25
38,37.0,2020-07-16,2.25
38,38.0,2020-07-22,3.0
38,39.0,2020-09-22,4.5
38,40.0,2020-06-12,4.75
38,73.0,2020-04-25,1.0
38,74.0,2020-08-27,678.0
38,74.0,2020-09-10,8.0
38,109.0,2021-07-28,3.5
38,113.0,2021-08-30,0.75
38,124.0,2020-03-25,1.75
38,59.0,2021-07-14,2.25
38,231.0,2021-08-23,4.75
38,239.0,2021-10-20,36.0
38,327.0,2021-05-01,0.0
38,343.0,2020-04-17,1.25
38,358.0,2020-11-28,100.0
38,501.0,2020-10-29,1.0
38,379.0,2020-06-19,4.0
38,427.0,2021-02-17,80.25
38,472.0,2021-01-05,1.0
38,478.0,2021-03-16,3.75
38,500.0,2021-09-26,0.0
38,127.0,2021-09-19,4.75
40,3025.0,2021-05-22,1.5
40,1802.0,2022-01-06,0.0
40,7344.0,2021-05-11,4.5
40,1070.0,2020-09-24,17.5
40,1871.0,2021-01-13,10.0
40,7346.0,2020-10-22,32.0
40,26758.0,2021-03-22,622.0
40,9730.0,2021-06-22,19.0
40,9730.0,2021-07-06,4.5
40,14593.0,2022-01-08,52.0
40,26758.0,2021-04-05,6.0
40,979.0,2020-09-03,1.75
40,8173.0,2021-01-03,80.25
40,549.0,2021-05-11,33.0
40,21.0,2020-05-01,3.75
40,537.0,2020-04-02,3.5
40,16.0,2020-06-21,3.0
40,20.0,2020-06-04,520.0
40,20.0,2020-06-18,48.0
40,549.0,2021-04-27,306.0
40,116.0,2020-05-19,1.5
40,124.0,2020-02-06,32.0
40,38.0,2020-05-10,0.0
40,230.0,2020-12-02,48.0
40,247.0,2021-08-13,48.0
40,478.0,2021-10-29,48.0
40,498.0,2021-08-29,217.0
40,498.0,2021-09-12,43.5
40,230.0,2020-11-18,186.0
41,1871.0,2020-03-24,0.25
41,14593.0,2020-12-05,80.25
41,7344.0,2021-09-19,1.0
41,2993.0,2020-02-23,24.0
41,1887.0,2021-02-09,80.25
41,1074.0,2021-05-01,32.0
41,1029.0,2021-02-27,24.0
41,673.0,2020-09-30,2.75
41,533.0,2020-09-27,1.0
41,358.0,2021-11-22,1.0
41,116.0,2021-10-10,3.25
41,1074.0,2021-04-17,103.0
44,7346.0,2021-03-07,0.75
44,1074.0,2021-04-02,39.5
44,1352.0,2020-11-23,0.0
44,1384.0,2021-11-08,8.5
44,1802.0,2020-11-06,0.5
44,1871.0,2021-03-16,4.5
44,1942.0,2021-01-08,0.25
44,7351.0,2020-08-07,3.25
44,7344.0,2021-11-13,3.25
44,1070.0,2021-11-18,28.0
44,8173.0,2021-11-30,1.5
44,12517.0,2021-12-19,100.0
44,14593.0,2021-01-16,4.25
44,7323.0,2021-01-03,75.0
44,1029.0,2020-04-28,75.0
44,1262.0,2020-09-28,48.0
44,733.0,2021-08-10,16.0
44,18.0,2021-04-23,8.5
44,73.0,2020-06-18,5.0
44,116.0,2020-02-21,90.0
44,1026.0,2021-06-06,2.0
44,231.0,2020-10-27,0.0
44,233.0,2021-01-11,3.5
44,247.0,2021-02-25,4.5
44,126.0,2021-06-10,40.0
44,427.0,2020-02-29,24.0
44,673.0,2020-12-05,0.75
44,501.0,2020-09-14,16.0
44,529.0,2020-05-02,3.5
44,533.0,2021-07-05,2.75
44,559.0,2020-12-01,1.5
44,358.0,2022-01-10,3.0
45,1802.0,2021-04-28,48.0
45,1331.0,2020-09-06,4.0
45,1266.0,2021-04-15,3.25
45,1262.0,2021-05-21,24.0
45,1068.0,2021-08-09,704.0
45,1068.0,2021-08-23,19.0
45,1029.0,2021-03-29,1.25
45,1020.0,2020-12-26,1.0
45,1871.0,2020-05-28,1.5
45,1011.0,2020-04-28,4.25
45,1164.0,2020-11-23,1.5
45,1887.0,2021-03-17,24.0
45,358.0,2021-12-16,75.0
45,3025.0,2020-03-15,1.25
45,6801.0,2020-11-14,10.0
45,7323.0,2021-04-17,52.0
45,7334.0,2021-06-26,40.5
45,7342.0,2021-05-07,0.0
45,7344.0,2021-04-07,4.5
45,7346.0,2021-05-02,5.0
45,8173.0,2020-07-12,3.75
45,11198.0,2020-11-15,1.25
45,12517.0,2021-01-12,0.75
45,14593.0,2021-06-22,1.0
45,25076.0,2020-05-20,52.0
45,974.0,2021-05-14,24.0
45,1970.0,2021-05-28,32.0
45,960.0,2020-02-03,0.25
45,126.0,2020-09-14,42.0
45,732.0,2021-08-22,0.0
45,16.0,2021-06-21,0.0
45,37.0,2021-01-29,1.25
45,38.0,2021-08-22,16.0
45,39.0,2021-09-22,2.5
45,40.0,2020-08-12,3.75
45,71.0,2020-07-10,60.0
45,72.0,2020-09-20,4.0
45,73.0,2021-07-20,2.25
45,75.0,2020-03-20,0.0
45,113.0,2020-11-27,0.75
45,733.0,2021-05-03,90.0
45,128.0,2021-01-12,2.5
45,124.0,2021-09-08,60.0
45,622.0,2020-06-15,4.75
45,343.0,2021-11-07,32.0
45,427.0,2020-02-12,1.5
45,472.0,2021-04-15,2.5
45,500.0,2021-05-24,1.75
45,501.0,2020-02-15,4.75
45,538.0,2021-11-06,0.5
45,559.0,2021-10-29,80.25
45,327.0,2021-10-29,52.0
45,623.0,2021-06-22,32.0
45,673.0,2020-09-09,3.0
45,730.0,2021-10-20,4.75
46,1887.0,2020-02-03,1.75
46,1942.0,2020-12-01,1.5
46,1121.0,2021-06-09,1.0
46,1331.0,2021-11-22,2.5
46,2155.0,2022-01-09,80.25
46,1020.0,2021-02-12,80.25
46,6036.0,2020-07-27,15.5
46,7334.0,2020-07-20,42.0
46,9630.0,2021-03-11,30.0
46,11133.0,2021-05-08,2.5
46,11198.0,2021-10-01,80.25
46,14593.0,2020-11-14,1.75
46,2993.0,2021-02-13,4.0
46,730.0,2021-09-09,48.0
46,472.0,2021-12-14,1.0
46,551.0,2020-10-01,3.0
46,623.0,2021-07-05,4.25
46,38.0,2021-08-26,1.0
46,39.0,2021-06-08,100.0
46,40.0,2021-07-10,3.75
46,43.0,2020-09-02,3.25
46,59.0,2020-04-04,4.25
46,15.0,2020-11-28,5.0
46,75.0,2021-03-27,4.25
46,132.0,2021-01-24,0.75
46,498.0,2021-01-20,39.0
46,533.0,2020-08-30,2.75
46,537.0,2020-12-29,5.0
46,73.0,2020-03-28,2.5
47,1985.0,2020-04-17,4.5
47,1970.0,2020-04-07,52.0
47,1942.0,2020-02-05,16.0
47,1262.0,2020-09-05,52.0
47,1164.0,2021-08-28,2.5
47,960.0,2020-02-10,1.5
47,1011.0,2021-12-05,1.75
47,733.0,2021-02-01,80.25
47,732.0,2021-04-08,0.0
47,2155.0,2020-07-28,90.0
47,1121.0,2021-08-16,2.5
47,2993.0,2021-12-08,4.0
47,7599.0,2021-04-07,1.25
47,7334.0,2020-11-07,436.0
47,7334.0,2020-11-21,28.5
47,7342.0,2020-09-08,3.25
47,7346.0,2020-05-23,0.75
47,7351.0,2020-05-01,80.25
47,730.0,2021-06-25,2.5
47,8173.0,2022-01-04,4.75
47,11198.0,2020-10-15,75.0
47,11208.0,2020-06-09,23.0
47,12517.0,2021-04-25,0.0
47,14593.0,2021-04-18,1.0
47,6801.0,2021-08-13,4.0
47,623.0,2020-05-31,3.0
47,1020.0,2021-05-24,90.0
47,551.0,2020-05-13,4.5
47,559.0,2020-06-03,48.0
47,16.0,2020-02-04,1.0
47,21.0,2020-02-07,32.0
47,38.0,2020-03-01,24.0
47,40.0,2021-06-10,3.0
47,59.0,2021-07-20,90.0
47,72.0,2021-12-06,75.0
47,73.0,2021-11-12,10.0
47,74.0,2021-12-20,402.0
47,74.0,2022-01-03,1.0
47,109.0,2020-07-31,32.0
47,116.0,2021-01-23,80.25
47,132.0,2020-10-22,0.0
47,15.0,2021-09-08,2.75
47,231.0,2021-01-27,75.0
47,230.0,2020-09-28,30.0
47,537.0,2021-06-25,4.0
47,512.0,2020-12-11,2.5
47,500.0,2020-11-06,10.0
47,478.0,2020-06-12,2.0
47,545.0,2021-06-16,60.0
47,431.0,2021-02-15,0.0
47,375.0,2021-05-06,30.5
47,358.0,2021-09-03,0.75
47,343.0,2020-12-23,3.0
47,233.0,2020-10-19,60.0
54,1266.0,2021-02-08,24.0
54,1262.0,2021-11-06,0.0
54,25076.0,2020-11-22,24.0
54,1070.0,2020-10-11,17.5
54,1020.0,2020-08-25,1.75
54,866.0,2021-09-07,1.0
54,1011.0,2021-09-19,75.0
54,979.0,2020-06-13,3.25
54,974.0,2020-04-02,10.0
54,1331.0,2020-03-29,0.25
54,1029.0,2021-02-28,16.0
54,1352.0,2021-10-07,0.25
54,7344.0,2022-01-01,90.0
54,1871.0,2021-01-04,4.0
54,1985.0,2020-10-23,10.0
54,2993.0,2021-03-17,3.0
54,7342.0,2021-06-30,4.75
54,7346.0,2020-08-15,75.0
54,8173.0,2021-02-13,3.5
54,11156.0,2021-06-22,3.75
54,11198.0,2020-07-09,1.0
54,14593.0,2020-08-11,52.0
54,17000.0,2021-11-04,11.0
54,17000.0,2021-11-18,40.5
54,733.0,2021-01-12,5.0
54,1802.0,2021-11-06,100.0
54,731.0,2021-12-24,33.5
54,1164.0,2021-08-20,4.5
54,673.0,2021-09-12,5.0
54,731.0,2021-12-10,349.0
54,16.0,2021-02-18,0.75
54,20.0,2021-08-08,32.0
54,37.0,2021-01-11,1.0
54,39.0,2020-11-03,0.25
54,71.0,2020-10-27,3.75
54,72.0,2021-10-05,4.75
54,73.0,2021-03-08,1.0
54,74.0,2021-12-04,305.0
54,74.0,2021-12-18,20.5
54,75.0,2021-02-09,2.75
54,113.0,2021-02-28,4.75
54,40.0,2021-10-07,16.0
54,124.0,2020-11-28,5.0
54,121.0,2021-06-23,4.75
54,549.0,2020-09-04,18.5
54,549.0,2020-08-21,705.0
54,623.0,2021-09-27,5.0
54,501.0,2020-05-13,3.0
54,512.0,2020-09-08,1.25
54,478.0,2021-07-05,80.25
54,472.0,2021-11-21,0.25
54,427.0,2020-02-06,75.0
54,239.0,2020-07-23,35.5
54,239.0,2020-07-09,240.0
54,500.0,2020-08-29,4.25
64,1266.0,2020-04-10,2.25
64,1331.0,2020-07-19,0.25
64,1871.0,2020-05-12,100.0
64,1942.0,2020-11-11,4.5
64,2207.0,2020-11-22,2.25
64,3025.0,2020-07-28,4.25
64,7342.0,2020-05-02,0.0
64,12517.0,2021-11-29,2.0
64,7599.0,2021-06-06,60.0
64,11198.0,2021-01-21,3.75
64,11208.0,2020-12-20,431.0
64,11208.0,2021-01-03,6.5
64,14593.0,2021-03-19,24.0
64,17000.0,2021-08-31,41.5
64,1262.0,2021-05-06,3.75
64,7344.0,2021-06-29,10.0
64,1070.0,2020-08-06,5.5
64,8173.0,2021-12-08,3.0
64,1068.0,2020-06-09,22.0
64,1068.0,2020-06-23,32.5
64,16.0,2020-03-03,3.0
64,59.0,2021-10-24,1.75
64,71.0,2021-05-03,5.0
64,230.0,2020-12-26,18.5
64,343.0,2020-07-05,60.0
64,358.0,2020-02-11,1.5
64,427.0,2020-11-06,0.0
64,40.0,2020-07-08,1.5
64,478.0,2020-09-12,1.0
64,537.0,2020-11-06,60.0
64,623.0,2020-07-04,3.5
64,960.0,2021-06-23,52.0
64,979.0,2021-09-18,1.0
64,1029.0,2021-04-17,16.0
64,1026.0,2021-08-15,1.75
64,472.0,2020-06-28,1.75
69,1121.0,2021-01-13,10.0
69,1331.0,2021-07-25,4.5
69,1802.0,2021-05-20,75.0
69,1970.0,2020-08-01,4.5
69,1985.0,2020-07-23,4.75
69,19560.0,2020-02-14,52.0
69,7342.0,2021-08-04,16.0
69,19565.0,2020-05-25,0.0
69,25076.0,2020-06-03,1.0
69,979.0,2020-09-19,0.0
69,2155.0,2021-08-20,52.0
69,960.0,2021-05-13,0.25
69,1009.0,2020-11-29,1.5
69,732.0,2021-09-17,3.5
69,733.0,2020-02-27,1.0
69,20.0,2021-05-25,20.0
69,43.0,2021-01-16,60.0
69,73.0,2021-10-28,3.25
69,75.0,2020-08-02,4.25
69,132.0,2021-02-22,2.25
69,39.0,2020-08-03,2.75
69,472.0,2020-12-30,1.0
69,500.0,2021-06-16,60.0
69,529.0,2021-05-18,1.0
69,538.0,2020-09-16,3.5
69,622.0,2021-11-21,4.75
69,247.0,2020-09-03,52.0
74,1871.0,2020-04-13,5.0
74,1020.0,2021-11-30,0.75
74,1026.0,2021-05-04,1.25
74,1029.0,2021-04-12,2.75
74,1262.0,2021-01-29,4.25
74,1331.0,2021-12-20,90.0
74,1352.0,2020-04-19,1.0
74,1372.0,2020-05-12,0.0
74,1802.0,2020-03-27,60.0
74,1887.0,2020-02-01,4.75
74,8173.0,2020-10-21,3.5
74,1985.0,2021-02-08,80.25
74,7323.0,2021-07-01,2.75
74,7342.0,2021-05-03,1.25
74,7351.0,2021-02-14,0.75
74,7599.0,2020-04-15,32.0
74,9730.0,2021-02-05,17.5
74,14593.0,2020-10-09,80.25
74,17000.0,2021-02-16,31.5
74,25076.0,2021-07-25,4.25
74,974.0,2021-09-13,4.0
74,1942.0,2020-09-20,60.0
74,733.0,2022-01-07,5.0
74,73.0,2021-01-04,60.0
74,731.0,2020-06-21,51.0
74,16.0,2020-11-05,5.0
74,21.0,2020-03-21,0.0
74,38.0,2021-03-13,4.0
74,39.0,2020-10-16,5.0
74,71.0,2020-07-12,2.0
74,72.0,2021-09-13,3.75
74,731.0,2020-07-05,38.0
74,75.0,2021-01-13,1.5
74,116.0,2020-12-14,3.0
74,124.0,2021-12-24,100.0
74,40.0,2020-09-03,2.25
74,247.0,2021-10-21,48.0
74,132.0,2020-11-20,3.75
74,730.0,2020-05-03,80.25
74,673.0,2020-05-18,0.5
74,565.0,2021-03-27,4.0
74,623.0,2020-04-16,0.5
74,533.0,2020-08-28,0.75
74,529.0,2021-06-09,2.5
74,478.0,2020-11-08,0.0
74,427.0,2020-07-19,0.0
74,559.0,2021-04-09,5.0
76,1029.0,2021-11-16,5.0
76,2207.0,2021-02-03,5.0
76,1262.0,2021-08-22,0.75
76,1970.0,2021-12-16,10.0
76,1985.0,2020-06-05,60.0
76,7342.0,2021-11-13,90.0
76,26758.0,2020-06-22,3.5
76,7346.0,2020-09-14,4.75
76,9630.0,2021-09-20,45.5
76,11133.0,2021-05-04,4.0
76,25076.0,2021-01-29,80.25
76,1026.0,2020-02-04,1.0
76,7344.0,2020-04-21,0.25
76,979.0,2021-10-22,0.5
76,12517.0,2021-05-10,1.75
76,733.0,2022-01-05,3.25
76,21.0,2020-03-28,4.75
76,39.0,2021-08-15,4.5
76,40.0,2021-06-12,1.75
76,73.0,2021-09-29,0.0
76,116.0,2021-05-16,90.0
76,124.0,2020-07-15,3.0
76,16.0,2021-04-13,2.5
76,327.0,2020-05-10,3.5
76,127.0,2021-01-27,3.0
76,673.0,2021-09-18,5.0
76,538.0,2020-07-28,52.0
76,974.0,2021-10-22,48.0
76,501.0,2021-03-23,75.0
76,478.0,2020-02-04,0.75
76,427.0,2021-08-16,10.0
77,730.0,2021-10-26,1.0
77,960.0,2021-11-12,52.0
77,1011.0,2021-06-16,0.75
77,1266.0,2021-01-25,16.0
77,1331.0,2021-09-14,2.25
77,1372.0,2020-05-09,4.75
77,7342.0,2020-04-23,0.0
77,25076.0,2021-05-01,3.0
77,7599.0,2020-05-18,0.75
77,9630.0,2021-07-17,42.5
77,9730.0,2021-09-01,671.0
77,9730.0,2021-09-15,4.5
77,559.0,2020-08-10,90.0
77,1887.0,2021-11-07,3.75
77,9630.0,2021-07-03,53.0
77,545.0,2020-10-22,2.0
77,529.0,2020-04-29,1.0
77,533.0,2021-12-23,52.0
77,15.0,2020-08-15,0.25
77,39.0,2020-02-27,100.0
77,59.0,2020-12-14,3.0
77,126.0,2020-10-16,32.5
77,127.0,2021-01-21,100.0
77,231.0,2020-02-26,2.0
77,72.0,2021-04-24,90.0
77,327.0,2021-04-16,1.0
77,343.0,2021-12-15,80.25
77,427.0,2021-11-04,10.0
77,493.0,2021-10-04,245.0
77,493.0,2021-10-18,26.0
77,500.0,2021-06-20,4.0
77,247.0,2021-08-10,80.25
78,2031.0,2020-12-17,18.0
78,1262.0,2020-10-12,0.75
78,1331.0,2020-04-29,16.0
78,1802.0,2021-10-22,4.5
78,1871.0,2020-09-26,52.0
78,1942.0,2021-07-02,2.75
78,2031.0,2020-12-31,47.0
78,19560.0,2021-01-04,4.0
78,7342.0,2021-02-15,1.75
78,7346.0,2020-12-17,80.25
78,9630.0,2020-05-26,9.5
78,11133.0,2021-06-22,3.5
78,11198.0,2020-05-11,0.25
78,14593.0,2020-08-08,0.0
78,1121.0,2021-10-15,2.25
78,2993.0,2020-11-16,0.0
78,1026.0,2022-01-08,2.0
78,498.0,2021-04-21,32.0
78,673.0,2021-09-08,48.0
78,974.0,2020-03-03,2.75
78,20.0,2021-01-02,9.0
78,39.0,2020-11-03,0.0
78,40.0,2021-11-29,1.0
78,109.0,2021-04-09,3.5
78,113.0,2021-01-20,2.0
78,126.0,2021-08-30,12.5
78,128.0,2020-02-26,60.0
78,73.0,2020-07-02,60.0
78,358.0,2021-06-21,52.0
78,233.0,2021-07-22,2.5
78,545.0,2021-04-29,4.75
78,533.0,2020-02-12,1.5
78,559.0,2021-11-07,0.75
78,427.0,2020-08-04,2.75
78,512.0,2020-12-14,52.0
79,1871.0,2021-01-07,2.25
79,733.0,2021-03-02,1.5
79,974.0,2021-02-02,1.75
79,1029.0,2020-12-15,3.5
79,1262.0,2020-05-10,1.0
79,1266.0,2021-09-29,32.0
79,1331.0,2020-06-13,2.0
79,1372.0,2021-09-12,32.0
79,1802.0,2020-06-12,10.0
79,1887.0,2021-11-04,3.0
79,8173.0,2020-10-22,2.0
79,1970.0,2021-10-14,3.25
79,1985.0,2021-06-29,3.75
79,2993.0,2020-06-30,5.0
79,3025.0,2021-12-17,10.0
79,7342.0,2021-08-05,0.5
79,7344.0,2020-08-24,0.5
79,732.0,2021-08-04,3.0
79,12517.0,2021-06-26,52.0
79,14593.0,2020-08-23,10.0
79,19560.0,2020-12-05,80.25
79,26758.0,2021-12-03,19.0
79,1942.0,2020-06-29,75.0
79,730.0,2021-06-27,32.0
79,1011.0,2022-01-06,0.0
79,623.0,2021-06-13,0.0
79,673.0,2020-07-04,48.0
79,15.0,2021-04-28,4.5
79,16.0,2020-06-28,0.0
79,21.0,2020-04-16,3.75
79,37.0,2020-02-18,4.75
79,72.0,2021-03-26,52.0
79,74.0,2020-06-19,614.0
79,74.0,2020-07-03,20.5
79,109.0,2020-10-06,1.25
79,116.0,2021-09-18,48.0
79,124.0,2021-01-29,3.0
79,73.0,2021-09-15,0.5
79,127.0,2021-06-25,0.0
79,126.0,2020-08-20,46.0
79,500.0,2020-06-14,1.0
79,472.0,2021-03-22,4.75
79,427.0,2021-01-18,3.25
79,343.0,2021-12-09,0.5
79,559.0,2021-12-31,1.0
79,239.0,2021-10-24,597.0
79,233.0,2020-08-04,5.0
79,231.0,2021-01-30,48.0
79,239.0,2021-11-07,39.0
80,1384.0,2021-07-08,19.5
80,730.0,2020-09-23,2.75
80,733.0,2021-07-21,2.5
80,979.0,2020-05-10,0.75
80,1011.0,2021-05-13,4.5
80,1026.0,2021-04-25,60.0
80,1164.0,2020-03-22,16.0
80,1262.0,2021-05-19,3.0
80,1266.0,2021-10-24,1.5
80,1331.0,2021-11-12,1.25
80,1352.0,2020-06-17,48.0
80,1802.0,2020-06-17,0.75
80,26758.0,2021-08-01,30.0
80,1887.0,2021-06-15,4.0
80,1942.0,2020-06-26,100.0
80,2155.0,2022-01-03,3.0
80,2993.0,2020-02-04,1.5
80,3025.0,2021-05-24,16.0
80,7323.0,2020-09-15,0.25
80,7344.0,2021-05-23,0.0
80,9630.0,2020-09-24,9.5
80,11198.0,2021-06-27,4.25
80,12517.0,2021-07-26,4.25
80,623.0,2021-03-22,0.0
80,1871.0,2020-08-05,75.0
80,565.0,2020-04-03,2.5
80,11208.0,2020-07-29,43.5
80,538.0,2020-08-27,80.25
80,16.0,2020-03-15,3.25
80,20.0,2021-06-01,2.5
80,545.0,2020-06-26,16.0
80,21.0,2021-11-12,1.25
80,37.0,2020-07-27,24.0
80,40.0,2021-11-08,4.5
80,71.0,2021-08-31,0.25
80,73.0,2020-12-11,0.5
80,74.0,2021-03-15,110.0
80,74.0,2021-03-29,19.0
80,75.0,2020-07-11,2.25
80,76.0,2020-08-17,36.5
80,72.0,2020-09-23,0.0
80,124.0,2021-10-17,2.25
80,116.0,2020-04-07,3.5
80,472.0,2021-06-09,16.0
80,427.0,2020-06-20,3.0
80,375.0,2020-12-12,45.5
80,358.0,2021-06-28,32.0
80,529.0,2020-12-19,16.0
80,233.0,2021-09-09,4.0
80,231.0,2020-02-07,16.0
80,128.0,2020-08-25,2.25
80,127.0,2021-03-22,48.0
80,343.0,2021-03-09,3.5
81,960.0,2021-02-10,1.0
81,1020.0,2020-09-13,10.0
81,1164.0,2020-10-15,3.25
81,1802.0,2020-07-23,3.5
81,1887.0,2021-06-15,4.75
81,2993.0,2021-04-30,4.5
81,7323.0,2021-11-30,0.75
81,17000.0,2020-11-23,9.5
81,866.0,2020-07-09,3.75
81,1970.0,2021-07-01,1.0
81,733.0,2020-09-10,80.25
81,239.0,2021-04-12,19.0
81,537.0,2020-10-29,2.5
81,730.0,2021-01-05,4.5
81,38.0,2021-04-30,1.5
81,59.0,2021-11-05,80.25
81,72.0,2020-10-12,1.0
81,121.0,2021-12-26,52.0
81,40.0,2021-08-13,2.25
81,231.0,2021-11-02,3.75
81,478.0,2021-12-10,4.5
81,529.0,2021-10-23,1.0
81,128.0,2020-06-08,24.0
82,730.0,2021-07-18,2.5
82,1871.0,2021-04-22,16.0
82,960.0,2020-03-16,0.5
82,1011.0,2021-05-31,1.0
82,1262.0,2020-03-22,3.0
82,1331.0,2020-05-22,3.25
82,1372.0,2021-03-30,60.0
82,1942.0,2020-07-04,24.0
82,8173.0,2020-09-11,60.0
82,2155.0,2020-02-12,1.0
82,3025.0,2021-08-08,3.0
82,7351.0,2020-06-24,1.75
82,14593.0,2020-07-21,2.0
82,19560.0,2021-06-21,0.0
82,673.0,2020-07-07,100.0
82,1970.0,2020-10-29,10.0
82,549.0,2020-11-03,37.5
82,343.0,2021-10-07,4.5
82,538.0,2020-11-04,2.25
82,545.0,2021-11-16,2.25
82,15.0,2021-07-20,75.0
82,21.0,2021-05-29,5.0
82,38.0,2021-02-05,0.75
82,40.0,2020-07-07,80.25
82,59.0,2020-12-05,5.0
82,71.0,2020-09-15,0.0
82,72.0,2020-06-04,32.0
82,16.0,2020-10-24,52.0
82,127.0,2020-07-07,3.0
82,128.0,2021-09-17,4.0
82,231.0,2021-03-27,75.0
82,478.0,2021-01-23,1.0
82,501.0,2021-03-01,3.25
82,529.0,2020-05-08,0.5
82,537.0,2021-04-12,4.25
82,75.0,2020-09-17,4.0
83,733.0,2021-12-13,2.75
83,1020.0,2020-11-06,2.5
83,1262.0,2020-12-08,1.75
83,1266.0,2021-03-03,3.25
83,1372.0,2021-03-13,1.0
83,1942.0,2020-04-27,4.25
83,9730.0,2021-01-06,27.0
83,3025.0,2021-02-27,100.0
83,11133.0,2021-01-29,3.5
83,11198.0,2021-03-10,4.25
83,25076.0,2021-01-06,1.5
83,732.0,2021-05-24,0.0
83,2993.0,2020-04-18,0.0
83,731.0,2020-11-08,30.0
83,472.0,2021-03-15,2.0
83,529.0,2021-05-25,32.0
83,15.0,2021-02-04,32.0
83,622.0,2020-05-27,4.75
83,39.0,2020-04-04,3.0
83,40.0,2020-08-10,1.0
83,72.0,2020-04-30,75.0
83,116.0,2021-04-16,1.5
83,21.0,2020-07-21,32.0
83,126.0,2020-12-21,13.0
83,127.0,2021-07-16,1.25
83,343.0,2021-08-09,48.0
83,500.0,2022-01-04,2.5
83,501.0,2020-06-06,24.0
83,124.0,2021-03-01,24.0
84,1970.0,2020-04-07,1.25
84,9730.0,2020-05-19,13.5
84,8173.0,2021-01-18,3.0
84,7599.0,2021-04-12,32.0
84,7351.0,2020-11-22,10.0
84,7344.0,2021-07-16,0.0
84,7323.0,2021-06-25,4.25
84,1871.0,2020-09-13,48.0
84,537.0,2020-06-13,4.5
84,1262.0,2020-02-10,3.0
84,559.0,2021-11-23,1.5
84,128.0,2021-02-13,10.0
84,113.0,2021-06-19,48.0
84,73.0,2020-04-22,2.75
84,40.0,2021-04-04,10.0
84,15.0,2020-06-04,32.0
84,1331.0,2020-06-20,0.5
85,1331.0,2021-11-28,3.0
85,1352.0,2020-08-31,1.0
85,1802.0,2020-10-28,0.0
85,1871.0,2021-11-25,60.0
85,1942.0,2020-12-07,1.0
85,7342.0,2021-06-23,2.5
85,7344.0,2020-12-27,1.5
85,7346.0,2020-02-01,4.25
85,11198.0,2021-03-27,0.5
85,7599.0,2021-02-06,3.75
85,8173.0,2020-08-15,1.5
85,1262.0,2020-02-24,10.0
85,11208.0,2020-07-28,43.5
85,12517.0,2021-06-18,2.25
85,14593.0,2021-06-07,0.5
85,7351.0,2020-12-07,0.25
85,1026.0,2021-04-12,4.25
85,979.0,2021-11-12,1.75
85,116.0,2020-10-02,0.0
85,37.0,2020-03-26,60.0
85,39.0,2021-04-16,4.75
85,40.0,2021-06-29,16.0
85,72.0,2020-10-28,10.0
85,974.0,2021-08-07,48.0
85,128.0,2020-09-14,0.0
85,230.0,2021-03-22,3.5
85,358.0,2021-07-23,1.75
85,247.0,2021-09-27,3.25
85,427.0,2020-11-06,3.75
85,501.0,2021-02-03,24.0
85,622.0,2021-12-03,1.0
85,623.0,2021-10-29,80.25
85,673.0,2020-10-04,4.0
85,731.0,2021-02-13,35.0
85,732.0,2021-04-12,3.25
85,960.0,2021-02-19,0.0
85,375.0,2020-09-20,18.0
86,1887.0,2020-10-13,24.0
86,1384.0,2020-06-11,26.5
86,1985.0,2021-09-10,80.25
86,1121.0,2021-11-10,2.25
86,11133.0,2020-12-02,0.75
86,12517.0,2020-04-06,48.0
86,14593.0,2020-11-21,3.5
86,2155.0,2020-03-18,100.0
86,1074.0,2021-05-19,11.0
86,1871.0,2020-03-27,3.0
86,733.0,2020-11-11,52.0
86,538.0,2020-07-01,60.0
86,247.0,2021-12-13,1.75
86,127.0,2021-02-05,5.0
86,124.0,2020-07-04,1.75
86,73.0,2020-06-07,4.75
86,40.0,2020-06-30,1.0
86,39.0,2021-09-29,1.0
86,18.0,2021-01-20,27.0
86,960.0,2021-10-21,1.25
87,1068.0,2021-07-26,520.0
87,1068.0,2021-08-09,9.5
87,1372.0,2020-03-20,0.0
87,6801.0,2020-08-12,90.0
87,7342.0,2021-11-01,4.25
87,12517.0,2022-01-02,0.5
87,8173.0,2020-09-27,3.75
87,11198.0,2021-01-28,4.25
87,1009.0,2021-02-04,90.0
87,14593.0,2021-10-06,90.0
87,7599.0,2021-06-28,5.0
87,960.0,2020-03-24,60.0
87,7346.0,2021-02-02,1.0
87,673.0,2021-04-03,2.25
87,39.0,2020-09-22,0.0
87,59.0,2020-09-18,3.25
87,116.0,2020-05-29,0.25
87,732.0,2021-09-08,1.0
87,343.0,2021-05-19,5.0
87,233.0,2021-04-15,1.0
87,434.0,2021-04-04,4.25
87,501.0,2021-12-31,2.75
87,529.0,2020-05-09,75.0
87,545.0,2020-07-08,1.5
87,559.0,2021-06-27,75.0
87,427.0,2020-02-29,60.0
88,1970.0,2021-02-20,3.0
88,1942.0,2020-08-15,48.0
88,1887.0,2021-03-10,48.0
88,1802.0,2020-07-10,5.0
88,979.0,2021-07-08,1.5
88,1262.0,2021-02-24,90.0
88,1029.0,2020-02-13,10.0
88,1026.0,2021-01-03,0.5
88,1020.0,2021-02-28,75.0
88,1985.0,2021-05-01,52.0
88,1331.0,2021-07-18,0.75
88,2155.0,2020-04-08,3.5
88,7344.0,2020-07-03,4.25
88,5503.0,2020-05-21,17.0
88,6036.0,2021-05-15,11.0
88,6801.0,2021-12-26,10.0
88,7342.0,2021-02-06,52.0
88,7351.0,2020-08-07,16.0
88,7599.0,2020-05-08,2.75
88,11198.0,2020-08-20,2.25
88,12517.0,2021-03-08,3.0
88,14593.0,2020-05-15,52.0
88,960.0,2021-05-09,4.5
88,2993.0,2020-03-29,5.0
88,866.0,2021-08-07,32.0
88,43.0,2020-12-02,4.5
88,730.0,2020-12-15,2.75
88,15.0,2020-11-17,4.0
88,16.0,2020-08-25,0.75
88,21.0,2020-10-11,1.75
88,37.0,2021-05-15,2.0
88,38.0,2021-10-08,2.75
88,59.0,2020-12-26,4.0
88,71.0,2020-09-18,90.0
88,73.0,2021-02-25,24.0
88,75.0,2020-10-24,80.25
88,113.0,2021-06-23,3.5
88,126.0,2020-12-05,25.0
88,732.0,2021-07-25,1.0
88,358.0,2020-02-25,80.25
88,247.0,2020-06-11,2.5
88,673.0,2020-02-27,16.0
88,537.0,2020-10-30,90.0
88,529.0,2020-08-24,4.0
88,501.0,2020-02-23,3.25
88,623.0,2020-08-27,4.75
88,478.0,2020-11-17,0.0
88,472.0,2020-11-09,75.0
88,427.0,2020-09-28,1.25
88,379.0,2021-12-27,1.5
88,500.0,2020-08-08,100.0
89,1802.0,2021-07-31,1.0
89,537.0,2021-05-18,80.25
89,960.0,2020-04-26,16.0
89,1068.0,2021-12-15,132.0
89,1068.0,2021-12-29,14.0
89,1070.0,2021-01-11,45.5
89,1352.0,2020-08-02,5.0
89,1970.0,2020-12-18,4.0
89,7346.0,2021-05-20,80.25
89,3025.0,2021-01-01,80.25
89,5503.0,2021-09-27,225.0
89,5503.0,2021-10-11,44.0
89,7342.0,2020-07-21,52.0
89,533.0,2020-02-21,2.0
89,9630.0,2021-10-22,336.0
89,9630.0,2021-11-05,22.0
89,12517.0,2020-03-27,52.0
89,2993.0,2020-11-09,0.0
89,500.0,2021-11-23,5.0
89,1011.0,2020-03-28,4.25
89,498.0,2020-09-19,601.0
89,498.0,2020-10-03,41.0
89,15.0,2020-11-15,16.0
89,16.0,2021-12-09,60.0
89,20.0,2021-11-04,193.0
89,20.0,2021-11-18,11.5
89,37.0,2021-03-11,75.0
89,38.0,2020-05-23,52.0
89,73.0,2020-10-11,100.0
89,75.0,2021-12-03,4.5
89,113.0,2021-09-02,1.25
89,121.0,2020-11-16,1.25
89,126.0,2020-07-18,33.5
89,127.0,2020-05-18,1.0
89,231.0,2020-12-08,2.0
89,233.0,2020-03-26,3.0
89,247.0,2022-01-09,32.0
89,427.0,2020-04-25,52.0
89,478.0,2021-05-31,2.75
90,7334.0,2021-05-09,17.0
90,2031.0,2021-01-30,35.5
90,2031.0,2021-01-16,656.0
90,375.0,2021-11-25,18.0
90,434.0,2020-05-14,0.5
90,512.0,2021-03-02,5.0
91,1802.0,2020-04-21,32.0
91,1871.0,2020-05-10,2.75
91,2031.0,2021-08-14,400.0
91,2031.0,2021-08-28,30.5
91,2155.0,2020-07-12,80.25
91,2207.0,2020-04-26,1.0
91,6036.0,2021-10-21,42.0
91,7599.0,2020-06-02,90.0
91,8173.0,2020-03-02,75.0
91,11133.0,2021-06-25,0.5
91,11198.0,2020-03-26,4.5
91,14593.0,2021-07-17,1.75
91,1331.0,2021-07-26,90.0
91,7323.0,2021-04-18,0.0
91,1262.0,2021-10-09,0.75
91,12517.0,2021-11-27,0.75
91,1026.0,2020-04-06,3.5
91,18.0,2020-07-09,23.5
91,1029.0,2021-09-07,52.0
91,37.0,2021-09-13,10.0
91,116.0,2020-11-23,2.0
91,233.0,2020-02-08,2.0
91,247.0,2020-03-24,75.0
91,73.0,2021-09-14,60.0
91,501.0,2021-06-08,4.75
91,537.0,2021-11-13,100.0
91,623.0,2020-05-16,4.75
91,673.0,2020-06-23,0.5
91,979.0,2021-07-08,4.5
91,1011.0,2020-10-21,4.5
91,427.0,2021-11-26,1.0
92,1009.0,2021-04-04,4.75
92,25076.0,2021-10-28,0.5
92,7323.0,2021-10-30,5.0
92,6801.0,2020-04-04,90.0
92,1942.0,2021-10-08,16.0
92,1871.0,2020-02-14,3.5
92,1011.0,2020-09-07,1.5
92,960.0,2020-06-02,48.0
92,375.0,2021-01-23,22.0
92,533.0,2020-10-25,2.25
92,512.0,2021-10-24,1.0
92,472.0,2021-09-16,1.0
92,327.0,2021-08-08,90.0
92,247.0,2020-10-14,3.0
92,127.0,2020-07-04,4.75
92,75.0,2020-03-08,90.0
92,559.0,2021-02-09,60.0
93,1029.0,2020-03-26,4.25
93,1262.0,2020-11-01,100.0
93,1331.0,2021-12-27,0.75
93,1942.0,2020-06-16,80.25
93,3025.0,2021-02-15,0.75
93,7342.0,2020-11-13,0.0
93,7344.0,2020-08-26,3.75
93,11198.0,2021-12-17,4.25
93,8173.0,2020-02-20,3.75
93,11156.0,2021-05-07,1.5
93,1026.0,2021-11-08,4.25
93,12517.0,2021-06-09,24.0
93,14593.0,2021-12-21,1.0
93,17000.0,2021-05-21,22.5
93,26758.0,2021-08-27,22.0
93,7346.0,2020-04-22,24.0
93,1009.0,2020-08-29,1.75
93,19565.0,2020-09-29,32.0
93,974.0,2020-09-04,24.0
93,979.0,2020-11-19,3.0
93,21.0,2020-05-08,100.0
93,40.0,2020-03-13,1.25
93,59.0,2020-08-14,2.0
93,109.0,2021-08-03,2.0
93,116.0,2021-09-27,4.5
93,127.0,2021-09-04,2.5
93,231.0,2021-05-02,60.0
93,247.0,2020-05-18,3.0
93,1802.0,2021-08-31,2.25
93,379.0,2020-03-18,80.25
93,500.0,2021-05-30,10.0
93,549.0,2020-05-24,357.0
93,730.0,2021-09-07,1.5
93,549.0,2020-06-07,11.5
93,623.0,2020-05-16,10.0
93,673.0,2020-12-19,1.5
93,358.0,2020-03-07,4.75
94,1011.0,2020-08-17,1.75
94,1121.0,2022-01-08,1.0
94,1262.0,2021-06-07,80.25
94,1331.0,2021-05-31,5.0
94,1352.0,2020-07-14,1.0
94,1970.0,2021-04-18,1.25
94,1871.0,2021-08-28,1.5
94,733.0,2020-03-27,2.25
94,2155.0,2020-06-25,2.75
94,9630.0,2021-04-19,24.0
94,11198.0,2021-03-19,3.25
94,12517.0,2020-05-16,100.0
94,1802.0,2021-01-04,3.5
94,529.0,2021-05-11,90.0
94,960.0,2021-09-09,1.0
94,478.0,2021-07-29,80.25
94,500.0,2020-03-26,1.0
94,16.0,2021-03-18,4.25
94,18.0,2020-10-25,37.5
94,40.0,2020-08-18,1.75
94,43.0,2020-04-16,3.0
94,73.0,2021-10-08,2.0
94,247.0,2020-05-06,3.0
94,74.0,2021-10-12,38.0
94,75.0,2020-03-10,0.75
94,109.0,2021-10-07,90.0
94,113.0,2021-03-04,5.0
94,239.0,2021-01-29,37.0
94,343.0,2020-03-30,52.0
94,74.0,2021-09-28,185.0
95,1262.0,2021-06-17,0.25
95,1266.0,2021-09-25,4.0
95,1372.0,2020-07-23,0.5
95,1871.0,2020-11-10,2.5
95,1887.0,2021-10-15,3.0
95,2155.0,2021-07-19,3.0
95,2031.0,2020-11-27,298.0
95,2031.0,2020-12-11,19.5
95,2993.0,2021-03-12,60.0
95,3025.0,2021-06-12,80.25
95,1011.0,2020-09-19,1.75
95,1970.0,2020-12-30,4.5
95,11133.0,2020-06-15,52.0
95,866.0,2021-05-17,3.25
95,622.0,2020-12-24,100.0
95,732.0,2020-10-14,52.0
95,59.0,2020-11-09,1.25
95,73.0,2020-04-18,24.0
95,109.0,2021-10-23,1.25
95,113.0,2020-12-24,24.0
95,124.0,2021-10-09,3.25
95,71.0,2021-05-30,1.25
95,327.0,2021-04-18,3.5
95,343.0,2020-02-11,4.25
95,501.0,2020-06-21,1.5
95,529.0,2021-06-13,1.25
95,537.0,2021-12-26,1.0
95,231.0,2020-10-16,4.5
96,2155.0,2021-06-15,3.25
96,1266.0,2021-12-09,2.5
96,1331.0,2021-10-21,0.5
96,1372.0,2020-09-08,0.75
96,1871.0,2021-10-31,1.5
96,1887.0,2020-03-06,3.25
96,1970.0,2021-07-09,0.75
96,1985.0,2021-07-18,80.25
96,2993.0,2020-12-22,3.5
96,14593.0,2020-04-17,10.0
96,5503.0,2020-09-25,11.0
96,7342.0,2020-04-27,32.0
96,7351.0,2020-11-28,5.0
96,7599.0,2021-02-05,1.5
96,11198.0,2020-04-09,48.0
96,1164.0,2021-11-01,75.0
96,17000.0,2020-05-25,27.0
96,17000.0,2020-06-08,6.5
96,25076.0,2020-03-03,80.25
96,3025.0,2020-04-24,4.75
96,1020.0,2020-11-15,10.0
96,1802.0,2021-07-19,4.0
96,979.0,2020-11-24,0.5
96,1011.0,2021-03-29,3.25
96,16.0,2020-07-13,1.25
96,38.0,2021-02-19,3.0
96,39.0,2020-04-18,2.75
96,43.0,2021-06-14,75.0
96,59.0,2020-01-31,1.25
96,124.0,2021-04-22,3.5
96,230.0,2021-05-12,256.0
96,230.0,2021-05-26,44.0
96,239.0,2020-09-02,606.0
96,73.0,2021-04-02,4.75
96,247.0,2021-04-01,80.25
96,343.0,2021-03-16,2.0
96,478.0,2021-05-14,5.0
96,529.0,2021-02-03,16.0
96,538.0,2020-07-23,1.25
96,545.0,2020-06-12,48.0
96,622.0,2021-12-29,2.0
96,239.0,2020-09-16,31.0
96,733.0,2020-06-26,4.5
97,1871.0,2021-09-14,0.25
97,1352.0,2020-10-03,0.0
97,1331.0,2020-04-18,80.25
97,1262.0,2020-05-18,48.0
97,979.0,2020-04-26,52.0
97,1029.0,2020-05-03,100.0
97,1020.0,2021-12-29,2.5
97,960.0,2021-03-27,0.0
97,1887.0,2021-10-01,48.0
97,1164.0,2021-07-31,0.0
97,1942.0,2021-02-22,2.75
97,17000.0,2021-12-19,40.0
97,3025.0,2020-05-13,16.0
97,7346.0,2020-06-21,0.5
97,7351.0,2020-07-05,24.0
97,8173.0,2021-04-12,1.0
97,11198.0,2020-05-25,3.75
97,26758.0,2021-02-17,39.0
97,14593.0,2020-11-03,60.0
97,17000.0,2021-12-05,703.0
97,26758.0,2021-02-03,435.0
97,732.0,2020-10-02,90.0
97,1985.0,2021-03-16,2.75
97,538.0,2021-05-09,1.25
97,12517.0,2021-05-31,2.0
97,529.0,2021-12-14,4.75
97,537.0,2021-12-25,75.0
97,15.0,2020-03-24,2.5
97,21.0,2021-10-30,52.0
97,59.0,2020-05-15,2.5
97,71.0,2021-07-23,24.0
97,73.0,2020-05-19,1.0
97,126.0,2021-02-25,52.0
97,126.0,2021-03-11,21.5
97,127.0,2021-02-04,5.0
97,128.0,2020-03-30,1.5
97,230.0,2020-12-21,559.0
97,39.0,2021-09-20,32.0
97,247.0,2020-03-22,1.5
97,230.0,2021-01-04,13.5
97,501.0,2021-11-18,4.5
97,478.0,2021-04-20,4.0
97,434.0,2020-06-18,100.0
97,500.0,2021-04-24,16.0
97,375.0,2020-05-19,45.5
97,375.0,2020-05-05,499.0
97,358.0,2021-04-25,3.0
97,343.0,2020-03-16,24.0
97,427.0,2020-03-03,1.25
98,979.0,2020-03-20,0.0
98,1887.0,2020-10-25,3.5
98,1011.0,2020-11-01,0.0
98,1164.0,2020-05-21,90.0
98,1331.0,2021-01-07,4.75
98,1384.0,2021-06-19,11.0
98,1802.0,2020-08-18,1.0
98,1942.0,2021-12-14,4.75
98,7351.0,2021-11-19,10.0
98,1985.0,2020-02-10,24.0
98,7342.0,2021-03-30,52.0
98,7344.0,2020-06-11,1.0
98,7599.0,2021-11-14,1.0
98,11198.0,2020-08-01,1.0
98,960.0,2020-11-25,16.0
98,1970.0,2021-12-08,1.25
98,732.0,2020-02-04,60.0
98,8173.0,2021-08-19,3.0
98,549.0,2021-10-04,45.5
98,673.0,2021-09-02,0.5
98,16.0,2021-01-24,0.0
98,37.0,2021-04-23,100.0
98,39.0,2021-01-19,1.5
98,109.0,2021-01-11,90.0
98,124.0,2021-03-31,2.5
98,127.0,2020-10-18,5.0
98,230.0,2021-06-30,15.0
98,113.0,2021-04-09,4.0
98,431.0,2021-01-21,75.0
98,472.0,2021-04-28,48.0
98,498.0,2021-01-14,9.0
98,500.0,2021-04-27,80.25
98,501.0,2020-04-06,10.0
98,533.0,2021-01-09,52.0
98,537.0,2021-06-01,32.0
98,427.0,2020-10-25,4.25
98,538.0,2020-06-01,100.0
99,1384.0,2020-12-01,458.0
99,1331.0,2020-10-21,24.0
99,1164.0,2021-11-28,4.25
99,733.0,2020-11-06,16.0
99,1011.0,2020-12-01,16.0
99,979.0,2021-08-15,1.0
99,1384.0,2020-12-15,9.0
99,1121.0,2021-04-26,4.0
99,1887.0,2020-03-27,2.25
99,17000.0,2021-02-22,339.0
99,1985.0,2021-06-12,4.5
99,2031.0,2021-05-22,53.0
99,2031.0,2021-06-05,34.5
99,2155.0,2021-12-13,90.0
99,5503.0,2021-12-20,269.0
99,5503.0,2022-01-03,31.0
99,7342.0,2021-06-29,2.5
99,7351.0,2020-02-27,24.0
99,17000.0,2021-03-08,21.5
99,1970.0,2021-04-15,1.75
99,732.0,2020-12-07,80.25
99,537.0,2021-02-17,16.0
99,533.0,2020-06-29,1.75
99,18.0,2020-05-26,639.0
99,622.0,2020-09-27,100.0
99,21.0,2021-03-11,1.0
99,38.0,2020-12-08,4.5
99,43.0,2021-03-04,10.0
99,59.0,2021-02-05,1.0
99,71.0,2022-01-02,0.25
99,72.0,2020-11-20,80.25
99,73.0,2020-11-17,2.5
99,18.0,2020-06-09,9.0
99,76.0,2021-09-12,56.0
99,76.0,2021-09-26,0.5
99,113.0,2020-05-14,52.0
99,126.0,2021-04-04,185.0
99,126.0,2021-04-18,48.0
99,128.0,2021-06-07,1.0
99,472.0,2021-08-02,3.25
99,500.0,2021-11-25,4.75
99,75.0,2020-05-08,0.0
100,1266.0,2020-03-13,1.5
100,1331.0,2021-07-23,3.5
100,1871.0,2021-03-29,5.0
100,1942.0,2020-07-15,0.75
100,1970.0,2021-03-31,0.5
100,2993.0,2021-04-10,75.0
100,7342.0,2022-01-08,0.0
100,11133.0,2021-08-04,1.0
100,9630.0,2021-05-13,11.0
100,9630.0,2021-05-27,22.5
100,12517.0,2020-12-10,3.5
100,14593.0,2021-11-09,1.0
100,25076.0,2021-01-26,10.0
100,1011.0,2020-09-03,60.0
100,8173.0,2020-07-09,2.0
100,673.0,2020-04-12,2.75
100,960.0,2020-02-24,3.75
100,551.0,2021-03-09,1.25
100,38.0,2020-06-04,3.75
100,40.0,2021-03-26,3.0
100,71.0,2021-03-25,0.0
100,72.0,2020-09-21,32.0
100,74.0,2020-08-25,164.0
100,74.0,2020-09-08,9.0
100,113.0,2021-06-01,2.0
100,73.0,2020-07-17,2.25
100,233.0,2021-02-18,60.0
100,427.0,2020-05-02,2.75
100,478.0,2021-01-20,3.0
100,529.0,2021-01-20,48.0
100,545.0,2021-07-26,0.0
100,549.0,2021-03-17,26.0
100,128.0,2021-10-18,32.0
101,1942.0,2020-09-13,4.25
101,1266.0,2020-11-23,3.25
101,1331.0,2021-05-14,32.0
101,1802.0,2020-05-22,2.5
101,1871.0,2020-12-03,100.0
101,1887.0,2021-12-24,1.0
101,3025.0,2020-11-03,52.0
101,14593.0,2021-06-25,48.0
101,7344.0,2020-09-22,1.0
101,7346.0,2021-04-19,10.0
101,7599.0,2020-03-22,80.25
101,9730.0,2021-02-03,153.0
101,9730.0,2021-02-17,14.0
101,12517.0,2020-10-17,4.5
101,1262.0,2021-06-10,0.0
101,7342.0,2020-08-17,52.0
101,1029.0,2020-08-15,0.5
101,1372.0,2021-07-20,4.5
101,974.0,2021-03-11,100.0
101,1011.0,2020-02-03,4.25
101,38.0,2021-03-09,16.0
101,39.0,2021-04-27,10.0
101,40.0,2020-02-04,1.5
101,71.0,2020-05-17,0.5
101,116.0,2020-06-21,1.0
101,427.0,2021-07-10,2.25
101,472.0,2020-04-30,0.5
101,43.0,2020-11-27,4.5
101,537.0,2020-05-05,0.0
101,673.0,2020-02-16,0.75
101,730.0,2020-12-28,0.75
101,732.0,2020-03-20,2.25
101,733.0,2020-07-06,1.75
101,478.0,2021-01-21,2.0
101,960.0,2020-06-13,4.5
102,2993.0,2021-11-30,1.25
102,2031.0,2021-02-15,34.0
102,2031.0,2021-02-01,447.0
102,1970.0,2020-10-16,4.5
102,1802.0,2021-08-21,24.0
102,1871.0,2021-04-13,3.0
102,1372.0,2021-09-02,4.25
102,1331.0,2020-04-23,80.25
102,3025.0,2020-11-18,90.0
102,1942.0,2021-05-04,0.5
102,7334.0,2021-10-08,153.0
102,12517.0,2021-07-17,5.0
102,7342.0,2021-07-25,24.0
102,7344.0,2021-08-29,2.5
102,7346.0,2021-09-26,52.0
102,8173.0,2021-05-20,2.5
102,11156.0,2021-08-08,4.75
102,11198.0,2020-07-13,1.5
102,14593.0,2021-12-28,3.75
102,19565.0,2020-11-13,1.25
102,26758.0,2021-09-08,17.0
102,1262.0,2020-03-10,1.0
102,7334.0,2021-10-22,45.5
102,1068.0,2021-06-29,23.0
102,26758.0,2021-08-25,280.0
102,1068.0,2021-06-15,334.0
102,2.0,NaT,548.0
102,1068.0,2021-06-29,4.5
102,16.0,2020-10-04,1.25
102,21.0,2020-10-07,0.0
102,40.0,2021-08-04,2.5
102,49.0,NaT,673.0
102,72.0,2021-04-08,1.25
102,74.0,2021-03-22,40.0
102,74.0,2021-04-05,19.0
102,75.0,2020-03-05,1.75
102,113.0,2021-04-12,75.0
102,59.0,2021-10-18,4.25
102,121.0,2021-11-21,1.25
102,116.0,2022-01-04,48.0
102,1026.0,2021-12-23,32.0
102,1009.0,2020-05-08,100.0
102,974.0,2021-08-16,1.5
102,732.0,2020-09-23,1.25
102,1029.0,2021-10-20,4.25
102,529.0,2021-07-08,52.0
102,427.0,2020-04-25,0.75
102,343.0,2021-01-18,100.0
102,233.0,2021-05-14,1.5
102,673.0,2020-11-21,60.0
103,1262.0,2021-05-23,4.25
103,1802.0,2021-03-24,0.0
103,1887.0,2020-12-28,1.25
103,1942.0,2020-10-17,3.5
103,1970.0,2021-09-26,24.0
103,7334.0,2021-05-02,403.0
103,6801.0,2021-05-17,0.25
103,7334.0,2021-05-16,40.0
103,7342.0,2020-02-10,2.25
103,7599.0,2021-02-09,10.0
103,2207.0,2020-12-16,2.25
103,979.0,2020-09-01,4.25
103,501.0,2020-08-14,75.0
103,730.0,2021-11-04,5.0
103,733.0,2021-11-13,0.0
103,16.0,2020-12-26,3.75
103,71.0,2020-06-19,4.25
103,75.0,2020-03-07,90.0
103,231.0,2021-11-04,52.0
103,109.0,2021-11-15,90.0
103,472.0,2020-04-24,60.0
103,545.0,2021-11-03,24.0
103,565.0,2021-04-24,100.0
103,623.0,2021-09-08,1.25
103,233.0,2020-05-27,2.5
104,1802.0,2021-02-07,0.25
104,1029.0,2020-04-02,0.0
104,14593.0,2021-10-14,1.0
104,1262.0,2021-02-22,3.5
104,1331.0,2021-12-05,3.75
104,1871.0,2021-09-21,24.0
104,11198.0,2020-02-01,2.75
104,7342.0,2020-07-11,1.5
104,7346.0,2021-01-01,4.75
104,7351.0,2021-04-23,1.5
104,8173.0,2021-08-03,4.75
104,12517.0,2021-07-30,1.0
104,1026.0,2021-12-03,1.75
104,1942.0,2021-06-22,0.25
104,673.0,2020-07-20,52.0
104,478.0,2020-08-11,2.75
104,498.0,2021-04-08,29.5
104,16.0,2022-01-03,2.5
104,20.0,2020-05-16,630.0
104,20.0,2020-05-30,18.0
104,113.0,2020-03-28,0.0
104,116.0,2021-10-29,24.0
104,126.0,2020-10-06,554.0
104,537.0,2021-02-18,3.0
104,132.0,2020-06-10,2.25
104,231.0,2020-11-19,1.0
104,358.0,2020-09-21,1.5
104,427.0,2020-04-28,32.0
104,498.0,2021-03-25,193.0
104,126.0,2020-10-20,34.0
105,1074.0,2021-10-21,33.5
105,1121.0,2020-10-25,2.0
105,1262.0,2020-05-27,4.5
105,1266.0,2020-10-09,52.0
105,1331.0,2020-02-09,1.75
105,1887.0,2020-09-09,4.25
105,7344.0,2020-12-04,32.0
105,7342.0,2021-01-28,5.0
105,7599.0,2020-03-26,3.5
105,11156.0,2021-03-26,80.25
105,19565.0,2020-12-09,1.25
105,1074.0,2021-10-07,512.0
105,2993.0,2021-12-03,80.25
105,25076.0,2021-02-18,24.0
105,1029.0,2020-05-11,0.0
105,731.0,2021-09-27,16.0
105,1011.0,2021-05-15,0.5
105,16.0,2020-06-20,3.5
105,21.0,2020-05-15,1.0
105,43.0,2021-03-27,0.0
105,72.0,2020-07-15,0.0
105,75.0,2020-05-07,1.5
105,59.0,2021-02-22,4.0
105,472.0,2021-02-15,3.0
105,498.0,2021-11-16,45.5
105,533.0,2021-07-03,5.0
105,559.0,2020-09-23,100.0
105,731.0,2021-09-13,421.0
105,116.0,2020-06-16,52.0
106,1384.0,2021-07-29,435.0
106,1164.0,2020-10-30,3.0
106,1262.0,2020-07-21,3.0
106,1266.0,2020-10-04,0.0
106,1352.0,2021-05-19,1.0
106,1384.0,2021-08-12,47.5
106,14593.0,2021-08-14,1.5
106,7342.0,2021-05-15,4.0
106,7344.0,2020-04-21,0.0
106,7599.0,2021-08-18,48.0
106,8173.0,2021-08-19,1.75
106,11198.0,2021-04-23,52.0
106,974.0,2020-07-24,16.0
106,1942.0,2020-10-29,32.0
106,733.0,2020-08-16,0.25
106,1029.0,2021-01-15,75.0
106,559.0,2020-09-17,48.0
106,15.0,2020-06-11,3.0
106,72.0,2021-06-24,1.5
106,74.0,2021-10-09,2.5
106,116.0,2020-03-29,4.25
106,233.0,2020-09-26,52.0
106,247.0,2021-10-06,48.0
106,74.0,2021-09-25,471.0
106,427.0,2021-02-26,0.75
106,478.0,2021-02-16,3.25
106,493.0,2020-07-17,385.0
106,493.0,2020-07-31,17.5
106,537.0,2020-06-29,0.5
106,673.0,2021-10-20,32.0
106,375.0,2021-08-13,19.0
107,1384.0,2021-12-17,60.0
107,1331.0,2020-07-17,24.0
107,1262.0,2021-05-14,0.75
107,1121.0,2020-10-09,48.0
107,1068.0,2021-07-19,27.5
107,1070.0,2021-02-11,562.0
107,1068.0,2021-07-05,619.0
107,1384.0,2021-12-31,41.0
107,1070.0,2021-02-25,46.0
107,1802.0,2021-12-26,2.75
107,11198.0,2020-10-23,75.0
107,1942.0,2021-09-29,0.5
107,2207.0,2021-08-13,0.0
107,7344.0,2020-05-16,52.0
107,7346.0,2021-03-20,4.5
107,8173.0,2021-03-26,0.75
107,1029.0,2021-06-06,1.75
107,12517.0,2021-08-27,16.0
107,17000.0,2021-04-26,635.0
107,17000.0,2021-05-10,9.0
107,1871.0,2020-04-03,2.5
107,1026.0,2021-02-10,52.0
107,3025.0,2021-08-19,24.0
107,732.0,2020-07-24,75.0
107,1011.0,2020-10-09,0.75
107,18.0,2020-10-06,102.0
107,18.0,2020-10-20,10.5
107,71.0,2020-03-15,2.25
107,72.0,2020-03-17,16.0
107,73.0,2020-12-11,2.75
107,74.0,2020-06-11,585.0
107,74.0,2020-06-25,45.0
107,75.0,2020-04-19,3.25
107,116.0,2021-04-06,90.0
107,38.0,2021-02-22,0.5
107,247.0,2021-09-27,2.25
107,124.0,2020-12-20,1.0
107,731.0,2021-10-08,43.0
107,731.0,2021-09-24,223.0
107,565.0,2021-10-18,10.0
107,673.0,2021-07-02,3.0
107,512.0,2020-02-19,24.0
107,427.0,2021-12-11,10.0
107,358.0,2021-05-13,4.5
107,545.0,2021-04-05,2.25
108,1266.0,2020-02-23,1.0
108,1887.0,2021-08-20,0.0
108,1331.0,2021-04-29,52.0
108,1372.0,2021-06-03,1.25
108,1011.0,2021-04-19,80.25
108,1871.0,2020-04-02,2.0
108,1942.0,2020-07-19,75.0
108,7599.0,2020-08-10,10.0
108,3025.0,2020-02-20,1.0
108,7331.0,2021-11-10,3.25
108,7342.0,2020-09-24,48.0
108,8173.0,2020-04-26,4.25
108,11156.0,2021-03-15,1.5
108,19565.0,2020-08-29,10.0
108,960.0,2021-12-15,5.0
108,25076.0,2021-01-04,4.75
108,1970.0,2021-07-20,16.0
108,623.0,2021-12-06,3.75
108,239.0,2021-11-25,27.5
108,538.0,2020-08-14,2.5
108,15.0,2020-06-26,1.0
108,16.0,2021-09-12,0.25
108,551.0,2020-09-24,80.25
108,20.0,2020-12-12,15.5
108,40.0,2021-06-17,3.25
108,43.0,2021-08-18,10.0
108,109.0,2020-10-17,2.75
108,20.0,2020-11-28,622.0
108,121.0,2021-04-30,3.5
108,233.0,2020-09-01,52.0
108,239.0,2021-11-11,340.0
108,247.0,2021-11-10,100.0
108,434.0,2020-09-30,1.75
108,478.0,2020-04-01,4.5
108,529.0,2021-07-28,60.0
108,113.0,2020-12-31,2.25
109,960.0,2020-09-02,3.5
109,979.0,2020-02-13,2.75
109,25076.0,2020-05-01,0.0
109,1020.0,2021-08-04,1.5
109,7342.0,2021-05-16,80.25
109,1384.0,2021-03-03,7.5
109,1887.0,2021-09-20,60.0
109,730.0,2020-11-21,16.0
109,1384.0,2021-02-17,34.0
109,538.0,2020-09-10,1.0
109,109.0,2021-09-01,48.0
109,478.0,2020-02-12,4.5
109,128.0,2022-01-01,10.0
109,124.0,2020-04-15,10.0
109,116.0,2020-10-05,90.0
109,76.0,2020-10-14,21.5
109,76.0,2020-09-30,477.0
109,72.0,2020-10-02,32.0
109,71.0,2020-04-28,3.5
109,43.0,2021-04-20,4.75
109,537.0,2022-01-05,2.75
110,529.0,2021-02-12,0.75
110,549.0,2021-04-28,363.0
110,549.0,2021-05-12,41.0
110,622.0,2021-09-18,1.75
110,623.0,2020-07-19,16.0
110,1020.0,2020-10-26,1.0
110,9630.0,2020-05-26,44.0
110,1887.0,2020-11-22,16.0
110,7599.0,2021-06-29,80.25
110,9630.0,2020-05-12,327.0
110,501.0,2021-05-16,32.0
110,9730.0,2021-11-29,48.0
110,1331.0,2021-03-28,2.25
110,500.0,2021-08-17,60.0
110,533.0,2021-11-14,32.0
110,493.0,2021-03-18,463.0
110,493.0,2021-04-01,23.5
110,15.0,2020-10-01,16.0
110,16.0,2021-10-10,5.0
110,37.0,2021-05-18,1.75
110,40.0,2020-10-26,3.75
110,43.0,2020-02-12,4.5
110,73.0,2020-09-03,3.0
110,39.0,2020-05-22,4.0
110,230.0,2021-08-29,30.5
110,231.0,2021-04-19,5.0
110,247.0,2021-09-15,48.0
110,375.0,2020-07-21,672.0
110,375.0,2020-08-04,18.0
110,230.0,2021-08-15,570.0
111,6036.0,2021-09-28,519.0
111,1266.0,2020-02-09,3.5
111,1331.0,2021-01-02,90.0
111,1352.0,2021-11-27,60.0
111,1384.0,2021-07-07,22.0
111,1970.0,2021-03-31,24.0
111,2993.0,2020-08-26,5.0
111,25076.0,2020-03-29,16.0
111,12517.0,2021-10-03,2.0
111,7323.0,2021-08-25,16.0
111,7351.0,2020-07-10,24.0
111,7599.0,2021-10-18,1.0
111,8173.0,2020-12-16,4.5
111,11208.0,2020-07-06,34.5
111,14593.0,2020-02-21,0.75
111,1262.0,2020-10-09,0.0
111,6036.0,2021-10-12,14.0
111,1070.0,2020-12-02,13.5
111,343.0,2020-07-29,48.0
111,974.0,2020-11-07,0.0
111,1011.0,2020-07-08,3.5
111,16.0,2020-07-13,1.75
111,37.0,2021-08-01,3.0
111,39.0,2021-04-19,75.0
111,75.0,2021-07-05,100.0
111,116.0,2021-01-07,0.25
111,127.0,2021-12-11,24.0
111,40.0,2020-03-09,16.0
111,427.0,2020-05-27,4.5
111,501.0,2021-03-12,5.0
111,545.0,2021-10-09,4.25
111,622.0,2021-06-25,4.0
111,673.0,2021-06-06,75.0
111,730.0,2020-02-11,52.0
111,233.0,2020-11-11,0.25
111,733.0,2021-05-28,0.0
112,1970.0,2021-12-28,90.0
112,1942.0,2021-02-23,3.25
112,1871.0,2020-09-04,3.0
112,1262.0,2020-03-09,1.75
112,1331.0,2021-03-21,1.0
112,1068.0,2021-11-21,5.0
112,2993.0,2021-06-16,3.25
112,1802.0,2020-05-30,24.0
112,6801.0,2020-07-11,0.0
112,14593.0,2021-01-25,3.5
112,7342.0,2020-02-03,24.0
112,7344.0,2021-01-25,3.75
112,8173.0,2020-10-28,32.0
112,9630.0,2021-11-07,32.0
112,11198.0,2020-09-21,80.25
112,11208.0,2020-11-08,449.0
112,11208.0,2020-11-22,1.0
112,25076.0,2020-08-17,2.25
112,1068.0,2021-11-07,511.0
112,7323.0,2020-06-10,4.75
112,1029.0,2020-11-14,1.25
112,12517.0,2020-10-17,2.0
112,979.0,2021-07-18,16.0
112,1020.0,2021-09-26,4.75
112,15.0,2020-08-17,32.0
112,37.0,2021-10-27,1.75
112,43.0,2021-01-25,100.0
112,59.0,2021-01-16,0.25
112,71.0,2021-08-15,0.0
112,72.0,2021-09-02,2.5
112,75.0,2020-03-11,4.75
112,76.0,2021-09-17,276.0
112,76.0,2021-10-01,42.5
112,9630.0,2021-10-24,574.0
112,233.0,2020-06-20,10.0
112,247.0,2021-02-24,2.75
112,358.0,2020-12-31,0.0
112,732.0,2021-04-30,32.0
112,427.0,2021-04-20,90.0
112,472.0,2020-05-26,1.75
112,478.0,2021-11-06,1.25
112,498.0,2020-09-20,619.0
112,231.0,2021-09-03,0.5
112,498.0,2020-10-04,45.5
112,537.0,2020-08-12,3.0
113,623.0,2020-05-12,90.0
113,733.0,2021-07-17,4.0
113,1011.0,2020-04-15,0.5
113,1942.0,2021-10-29,16.0
113,1985.0,2021-01-27,4.75
113,7344.0,2020-12-29,16.0
113,8173.0,2020-05-21,3.75
113,11133.0,2020-09-12,80.25
113,11156.0,2021-05-29,24.0
113,538.0,2021-10-18,1.5
113,7323.0,2021-01-02,1.0
113,537.0,2021-12-23,0.0
113,1970.0,2022-01-04,16.0
113,501.0,2021-03-26,2.5
113,529.0,2020-02-23,2.0
113,38.0,2021-11-13,90.0
113,71.0,2020-03-26,4.75
113,72.0,2020-07-13,1.75
113,75.0,2020-11-18,5.0
113,121.0,2021-01-22,4.25
113,21.0,2020-07-21,24.0
113,132.0,2021-06-18,3.75
113,233.0,2021-11-18,16.0
113,247.0,2020-09-29,90.0
113,343.0,2020-10-26,100.0
113,126.0,2020-07-25,12.0
113,478.0,2021-03-10,0.25
114,14593.0,2021-04-07,75.0
114,231.0,2021-11-04,4.75
114,239.0,2021-05-07,26.5
114,472.0,2020-08-02,48.0
115,1970.0,2021-04-01,2.25
115,1942.0,2021-02-17,0.0
115,1871.0,2021-03-09,1.5
115,1331.0,2020-04-19,1.25
115,1384.0,2021-09-29,31.5
115,1384.0,2021-09-15,459.0
115,1985.0,2020-12-31,5.0
115,1802.0,2020-12-22,1.0
115,7323.0,2020-04-30,1.5
115,14593.0,2022-01-05,60.0
115,7346.0,2021-07-31,2.75
115,7351.0,2020-07-07,16.0
115,8173.0,2021-02-21,48.0
115,11198.0,2021-08-10,4.5
115,11208.0,2021-04-27,549.0
115,11208.0,2021-05-11,47.0
115,12517.0,2021-12-29,10.0
115,1266.0,2020-04-21,100.0
115,7344.0,2020-07-30,3.25
115,1262.0,2020-12-07,1.25
115,126.0,2021-05-04,24.0
115,1026.0,2020-07-15,5.0
115,1029.0,2020-03-08,90.0
115,38.0,2020-08-17,1.75
115,40.0,2021-10-15,4.0
115,73.0,2020-11-13,2.75
115,116.0,2021-07-06,48.0
115,126.0,2021-04-20,364.0
115,233.0,2020-04-04,1.25
115,327.0,2020-08-04,1.0
115,21.0,2021-04-08,1.5
115,427.0,2021-04-25,0.25
115,358.0,2021-03-03,5.0
115,974.0,2021-10-03,2.5
115,960.0,2020-06-27,100.0
115,733.0,2020-04-13,1.0
115,1020.0,2020-03-23,1.75
115,478.0,2021-10-23,2.5
115,472.0,2020-11-04,2.5
115,673.0,2020-09-24,4.75
116,1331.0,2020-02-13,1.25
116,1985.0,2021-05-25,1.0
116,25076.0,2020-03-09,0.75
116,1802.0,2020-07-26,3.25
116,1871.0,2020-02-24,1.25
116,1887.0,2020-03-12,4.75
116,1942.0,2020-03-04,2.75
116,2993.0,2021-07-06,4.25
116,8173.0,2021-11-01,2.0
116,7342.0,2021-03-27,4.75
116,7344.0,2020-05-12,4.25
116,9730.0,2021-07-24,658.0
116,9730.0,2021-08-07,41.5
116,19560.0,2021-08-18,0.75
116,19565.0,2021-06-28,48.0
116,1266.0,2020-03-20,3.0
116,7331.0,2021-03-29,1.75
116,1262.0,2020-02-10,60.0
116,1372.0,2021-11-08,2.25
116,1070.0,2020-11-29,143.0
116,1070.0,2020-12-13,29.0
116,15.0,2021-05-11,52.0
116,16.0,2020-03-02,4.5
116,20.0,2021-11-01,146.0
116,20.0,2021-11-15,12.5
116,40.0,2021-02-16,0.25
116,76.0,2021-10-04,29.0
116,76.0,2021-10-18,37.0
116,21.0,2020-08-20,4.75
116,231.0,2021-05-08,3.0
116,427.0,2021-09-01,3.25
116,434.0,2020-07-23,4.0
116,529.0,2021-03-10,3.75
116,559.0,2020-10-15,10.0
116,731.0,2021-04-02,267.0
116,731.0,2021-04-16,14.5
116,113.0,2020-10-03,4.0
116,979.0,2020-08-29,75.0
117,1802.0,2021-04-19,2.5
117,1352.0,2021-02-02,0.0
117,1331.0,2021-07-08,2.75
117,1029.0,2020-07-21,2.25
117,1262.0,2020-12-12,24.0
117,1871.0,2021-09-22,0.5
117,1266.0,2021-10-13,90.0
117,1887.0,2020-09-03,32.0
117,2155.0,2021-12-11,80.25
117,2993.0,2021-08-13,48.0
117,7342.0,2021-11-01,3.0
117,7344.0,2020-05-28,1.0
117,7346.0,2021-03-12,0.75
117,11198.0,2020-05-02,0.5
117,14593.0,2021-08-17,0.0
117,1026.0,2021-10-25,4.0
117,1942.0,2020-04-23,60.0
117,1020.0,2021-07-10,3.5
117,8173.0,2020-09-14,0.0
117,733.0,2020-07-02,4.0
117,974.0,2020-12-16,2.5
117,15.0,2020-04-30,52.0
117,21.0,2020-10-03,90.0
117,37.0,2020-11-05,2.0
117,73.0,2020-09-28,48.0
117,109.0,2021-09-03,1.0
117,116.0,2021-03-11,0.25
117,126.0,2020-07-06,1.0
117,247.0,2021-02-23,3.0
117,75.0,2020-09-23,4.75
117,343.0,2020-03-09,4.0
117,358.0,2021-07-27,3.75
117,427.0,2021-05-21,32.0
117,537.0,2021-10-30,100.0
117,545.0,2021-07-31,10.0
117,565.0,2021-08-10,0.0
117,673.0,2020-07-24,4.75
117,327.0,2021-05-27,1.0
117,732.0,2021-09-18,60.0
118,974.0,2021-01-30,4.25
118,1011.0,2021-02-16,5.0
118,1029.0,2020-11-11,2.5
118,12517.0,2021-05-29,1.75
118,7323.0,2021-11-02,1.5
118,11208.0,2020-10-29,35.5
118,19560.0,2020-11-01,1.0
118,732.0,2020-07-31,75.0
118,1871.0,2020-03-24,3.5
118,730.0,2021-02-12,4.75
118,1074.0,2021-10-18,31.5
118,559.0,2021-05-03,1.5
118,538.0,2020-06-08,100.0
118,533.0,2020-08-02,1.75
118,498.0,2021-01-11,35.0
118,239.0,2020-06-16,39.5
118,72.0,2021-03-18,0.5
118,40.0,2021-09-03,3.25
118,18.0,2021-07-26,21.0
118,18.0,2021-07-12,446.0
118,623.0,2020-05-01,0.75
119,12517.0,2020-12-02,2.5
119,6036.0,2021-08-05,43.5
119,2031.0,2021-06-29,61.0
119,1970.0,2021-11-30,0.75
119,1331.0,2021-10-27,2.75
119,1011.0,2020-03-10,1.5
119,2031.0,2021-07-13,6.5
119,549.0,2021-11-02,10.5
119,537.0,2020-08-17,2.25
119,327.0,2020-02-29,0.0
119,43.0,2021-04-25,16.0
119,20.0,2021-12-07,34.0
119,673.0,2021-07-09,1.75
120,1121.0,2021-06-29,0.0
120,1262.0,2021-01-02,16.0
120,1266.0,2021-10-01,4.25
120,1871.0,2021-12-09,2.0
120,1887.0,2020-07-21,52.0
120,26758.0,2021-09-03,33.5
120,1942.0,2020-09-29,75.0
120,2031.0,2021-12-12,98.0
120,6036.0,2020-08-26,520.0
120,2155.0,2020-11-21,32.0
120,6036.0,2020-09-09,16.0
120,7342.0,2021-08-31,32.0
120,7344.0,2020-02-07,2.25
120,11133.0,2021-10-02,3.5
120,14593.0,2020-11-28,4.75
120,25076.0,2021-10-18,4.0
120,2031.0,2021-12-26,20.0
120,1029.0,2020-03-03,16.0
120,733.0,2021-07-13,3.5
120,979.0,2021-05-10,52.0
120,1020.0,2020-09-03,0.75
120,16.0,2021-08-17,32.0
120,21.0,2021-04-05,1.5
120,59.0,2021-09-27,75.0
120,73.0,2020-12-29,1.75
120,124.0,2021-10-14,60.0
120,379.0,2020-10-02,0.75
120,434.0,2020-04-23,1.5
120,529.0,2020-08-08,1.25
120,493.0,2021-08-11,188.0
120,493.0,2021-08-25,26.5
120,537.0,2021-03-08,0.0
120,622.0,2020-06-28,3.25
120,623.0,2022-01-08,4.75
120,730.0,2020-04-29,3.25
120,478.0,2021-03-29,4.75
120,731.0,2021-02-07,6.0
121,1372.0,2020-08-18,3.75
121,1266.0,2021-07-21,1.75
121,1262.0,2020-02-28,5.0
121,1074.0,2021-11-13,18.5
121,730.0,2020-10-20,3.25
121,979.0,2022-01-08,1.0
121,960.0,2020-08-29,2.75
121,1871.0,2021-09-27,4.0
121,1020.0,2020-08-26,48.0
121,1942.0,2021-01-06,0.0
121,7342.0,2021-11-09,0.0
121,6801.0,2021-04-04,4.0
121,7323.0,2021-05-18,100.0
121,673.0,2021-09-10,52.0
121,7344.0,2020-11-08,5.0
121,7351.0,2020-04-06,32.0
121,7599.0,2020-09-24,2.0
121,8173.0,2020-05-24,4.0
121,14593.0,2021-07-25,24.0
121,25076.0,2020-07-17,4.25
121,1985.0,2020-12-11,10.0
121,622.0,2021-10-06,2.5
121,1887.0,2022-01-09,60.0
121,529.0,2021-05-18,16.0
121,533.0,2021-12-24,90.0
121,15.0,2021-09-03,4.0
121,16.0,2021-04-03,2.5
121,21.0,2021-05-08,0.0
121,37.0,2020-07-24,48.0
121,38.0,2021-04-08,2.5
121,43.0,2020-03-14,48.0
121,75.0,2020-06-07,3.0
121,109.0,2020-08-01,4.25
121,113.0,2020-09-10,90.0
121,116.0,2020-03-07,1.25
121,76.0,2021-04-18,9.5
121,500.0,2021-01-10,2.25
121,127.0,2020-05-18,2.25
121,128.0,2020-10-03,5.0
121,132.0,2020-08-26,0.0
121,230.0,2020-08-06,42.5
121,231.0,2021-08-19,3.75
121,247.0,2020-12-15,48.0
121,493.0,2021-07-07,24.0
121,121.0,2021-03-29,4.0
121,501.0,2021-05-18,0.5
122,7342.0,2021-04-08,1.25
122,7346.0,2021-09-28,52.0
122,9630.0,2020-12-10,233.0
122,11208.0,2020-09-26,41.5
122,11198.0,2021-12-23,1.75
122,11208.0,2020-09-12,3.0
122,3025.0,2020-09-02,32.0
122,9630.0,2020-12-24,15.5
122,1871.0,2020-08-17,16.0
122,549.0,2021-04-17,387.0
122,1266.0,2021-05-18,4.5
122,1070.0,2020-08-05,3.5
122,1070.0,2020-07-22,609.0
122,733.0,2020-10-10,1.5
122,549.0,2021-05-01,0.5
122,529.0,2021-04-09,16.0
122,358.0,2020-10-14,5.0
122,116.0,2021-08-14,4.75
122,1331.0,2020-11-07,52.0
123,730.0,2021-09-17,2.25
123,1068.0,2020-09-20,406.0
123,1068.0,2020-10-04,31.0
123,1121.0,2021-10-23,1.5
123,1262.0,2020-06-24,100.0
123,2031.0,2020-06-01,43.5
123,8173.0,2021-09-29,1.25
123,2031.0,2020-05-18,157.0
123,7344.0,2020-06-10,24.0
123,623.0,2021-02-23,0.5
123,1331.0,2020-06-19,75.0
123,559.0,2021-05-24,1.5
123,11208.0,2020-07-07,41.0
123,533.0,2020-06-05,4.0
123,537.0,2020-11-22,16.0
123,72.0,2021-10-10,16.0
123,73.0,2020-08-09,5.0
123,76.0,2021-12-22,28.5
123,113.0,2021-11-15,4.5
123,1970.0,2020-04-07,90.0
123,493.0,2020-06-12,42.0
123,498.0,2020-12-27,0.5
123,500.0,2021-07-06,52.0
123,512.0,2020-03-10,3.5
123,434.0,2020-11-23,48.0
123,529.0,2021-10-08,24.0
124,1262.0,2021-05-20,60.0
124,1331.0,2021-11-01,52.0
124,1802.0,2020-05-11,75.0
124,1871.0,2020-04-19,3.25
124,1942.0,2021-11-29,3.75
124,2031.0,2021-04-13,563.0
124,2031.0,2021-04-27,40.0
124,2155.0,2021-06-17,1.25
124,2993.0,2020-07-29,0.75
124,7334.0,2021-12-14,14.0
124,7334.0,2021-11-30,465.0
124,1029.0,2021-04-18,0.5
124,7342.0,2021-02-04,100.0
124,7344.0,2021-12-03,2.25
124,7346.0,2020-06-11,2.5
124,7351.0,2020-04-16,2.25
124,11133.0,2020-05-27,4.0
124,11198.0,2021-04-01,1.25
124,14593.0,2021-08-07,0.25
124,7323.0,2020-09-17,0.0
124,1020.0,2022-01-01,10.0
124,25076.0,2020-11-05,3.25
124,974.0,2021-11-08,3.0
124,1011.0,2021-09-15,10.0
124,21.0,2021-09-25,4.0
124,37.0,2021-04-13,100.0
124,113.0,2020-12-29,1.0
124,116.0,2021-04-22,1.0
124,128.0,2020-04-06,1.0
124,327.0,2021-06-06,5.0
124,358.0,2020-07-20,80.25
124,427.0,2020-12-16,1.0
124,431.0,2021-10-25,75.0
124,247.0,2020-04-01,24.0
124,478.0,2021-11-22,32.0
124,501.0,2021-04-21,4.5
124,537.0,2020-05-12,24.0
124,538.0,2020-08-16,90.0
124,559.0,2020-02-12,1.0
124,623.0,2020-07-10,24.0
124,673.0,2021-06-20,4.5
124,731.0,2020-12-19,22.5
124,472.0,2021-02-19,1.25
124,960.0,2020-07-31,3.0
125,7323.0,2020-03-16,4.75
125,5503.0,2020-10-15,4.5
125,5503.0,2020-10-01,222.0
125,1942.0,2022-01-07,1.75
125,2031.0,2021-07-12,39.0
125,2031.0,2021-06-28,99.0
125,1970.0,2020-06-09,0.0
125,7334.0,2021-12-07,503.0
125,2993.0,2020-04-02,3.75
125,7334.0,2021-12-21,44.0
125,26758.0,2021-07-19,61.0
125,7344.0,2020-02-01,2.0
125,7346.0,2020-02-04,0.0
125,8173.0,2021-02-16,10.0
125,9730.0,2021-02-20,379.0
125,9730.0,2021-03-06,20.5
125,11198.0,2021-02-14,24.0
125,12517.0,2020-01-31,1.75
125,14593.0,2021-09-27,60.0
125,25076.0,2021-09-14,1.0
125,1887.0,2021-12-02,1.25
125,26758.0,2021-08-02,30.5
125,7342.0,2021-10-09,0.25
125,1871.0,2021-12-26,1.0
125,960.0,2021-06-13,0.0
125,1331.0,2020-08-05,2.25
125,15.0,2021-04-02,0.5
125,18.0,2020-07-10,534.0
125,74.0,2020-11-25,188.0
125,74.0,2020-12-09,0.0
125,75.0,2021-04-24,3.75
125,113.0,2021-08-22,1.0
125,1352.0,2020-02-28,2.5
125,126.0,2021-08-16,13.5
125,358.0,2021-02-08,3.0
125,427.0,2021-07-18,90.0
125,116.0,2020-03-10,1.75
125,545.0,2020-03-29,2.25
125,1070.0,2020-06-09,10.5
125,501.0,2021-12-28,90.0
125,1029.0,2021-07-07,0.25
125,1026.0,2021-07-24,32.0
125,1070.0,2020-05-26,125.0
125,974.0,2021-05-19,48.0
125,733.0,2021-01-25,48.0
125,673.0,2021-01-28,2.5
125,559.0,2020-05-12,5.0
125,1011.0,2021-06-24,0.0
125,18.0,2020-07-24,2.0
126,2031.0,2021-10-10,379.0
126,1074.0,2020-12-08,84.0
126,1074.0,2020-12-22,31.0
126,1352.0,2020-05-14,3.0
126,1372.0,2021-11-09,3.75
126,1802.0,2020-11-23,90.0
126,1942.0,2021-08-30,0.0
126,2031.0,2021-10-24,38.5
126,5503.0,2020-05-27,22.0
126,6801.0,2020-07-20,3.25
126,7323.0,2020-12-07,2.0
126,7342.0,2020-10-16,5.0
126,7344.0,2020-08-17,2.25
126,8173.0,2020-10-03,52.0
126,14593.0,2020-02-19,1.0
126,1029.0,2021-12-11,1.0
126,2993.0,2021-06-21,4.0
126,1020.0,2021-10-17,1.75
126,529.0,2020-05-28,1.75
126,732.0,2020-02-07,3.5
126,37.0,2020-10-09,1.25
126,40.0,2021-10-05,16.0
126,59.0,2021-03-27,0.75
126,71.0,2021-06-22,4.0
126,127.0,2021-02-24,80.25
126,128.0,2021-09-14,2.75
126,247.0,2021-10-02,4.75
126,109.0,2020-10-11,4.0
126,434.0,2021-11-08,75.0
126,478.0,2020-12-19,3.5
126,501.0,2022-01-01,16.0
126,960.0,2021-12-06,2.75
126,533.0,2021-05-17,2.0
126,559.0,2020-07-08,75.0
126,673.0,2021-11-17,2.25
126,358.0,2020-02-13,2.75
127,1372.0,2020-05-13,48.0
127,538.0,2021-06-24,16.0
127,622.0,2020-05-16,1.0
127,866.0,2021-07-27,4.25
127,1020.0,2021-12-16,100.0
127,1121.0,2021-01-01,3.25
127,1262.0,2021-06-10,2.0
127,1802.0,2020-11-04,90.0
127,26758.0,2020-05-18,13.0
127,2155.0,2020-03-19,32.0
127,7342.0,2020-12-17,2.75
127,7344.0,2020-09-09,100.0
127,11198.0,2021-01-21,100.0
127,12517.0,2020-06-03,1.0
127,26758.0,2020-05-04,195.0
127,537.0,2021-03-26,1.0
127,1942.0,2020-11-01,1.75
127,533.0,2021-10-19,1.0
127,14593.0,2020-02-13,3.0
127,501.0,2021-06-20,1.75
127,529.0,2021-12-14,0.0
127,21.0,2020-03-10,2.5
127,37.0,2020-02-26,100.0
127,38.0,2020-12-11,4.75
127,59.0,2020-08-01,2.5
127,72.0,2021-11-22,1.75
127,109.0,2022-01-01,3.25
127,116.0,2020-10-05,48.0
127,40.0,2020-09-24,90.0
127,132.0,2020-12-03,3.0
127,247.0,2020-05-11,2.25
127,343.0,2020-09-04,1.0
127,358.0,2021-08-06,3.5
127,498.0,2020-06-11,392.0
127,498.0,2020-06-25,21.5
127,121.0,2020-11-12,90.0
127,500.0,2021-07-29,4.0
128,1262.0,2021-05-03,4.5
128,1887.0,2021-03-01,1.0
128,2155.0,2021-06-07,1.75
128,12517.0,2020-03-19,1.25
128,9730.0,2021-10-04,28.0
128,11208.0,2020-05-09,46.5
128,14593.0,2021-07-19,32.0
128,1164.0,2020-12-17,32.0
128,7334.0,2020-08-01,38.5
128,1121.0,2021-03-06,0.25
128,7334.0,2020-07-18,429.0
128,979.0,2020-03-23,2.0
128,960.0,2020-03-05,4.5
128,529.0,2020-06-24,3.5
128,501.0,2020-02-18,1.0
128,231.0,2020-12-10,60.0
128,132.0,2021-07-04,52.0
128,121.0,2020-04-26,1.5
128,37.0,2021-06-30,1.25
128,16.0,2021-03-16,2.0
128,1020.0,2022-01-07,48.0
129,2155.0,2021-11-18,1.75
129,2031.0,2021-03-29,41.5
129,2031.0,2021-03-15,436.0
129,1942.0,2021-09-06,1.0
129,1887.0,2021-10-13,1.5
129,1121.0,2021-07-07,4.75
129,1331.0,2021-05-19,4.75
129,1266.0,2020-04-25,2.25
129,3025.0,2020-05-09,32.0
129,1074.0,2020-10-11,47.0
129,1068.0,2020-06-25,11.5
129,1871.0,2020-06-19,75.0
129,5503.0,2020-11-17,3.5
129,8173.0,2020-12-15,32.0
129,7344.0,2021-08-13,1.5
129,7346.0,2021-09-05,1.75
129,7351.0,2020-09-03,2.25
129,9730.0,2021-06-27,27.5
129,11133.0,2020-02-15,4.25
129,11156.0,2021-12-14,0.0
129,11198.0,2021-10-07,4.5
129,11208.0,2021-07-20,41.0
129,12517.0,2021-08-13,2.25
129,25076.0,2020-06-19,0.75
129,26758.0,2021-07-07,12.0
129,1068.0,2020-06-11,495.0
129,7334.0,2021-03-11,36.5
129,1026.0,2020-11-09,2.0
129,733.0,2021-08-31,3.25
129,979.0,2021-07-25,4.75
129,1011.0,2020-02-21,10.0
129,18.0,2021-11-01,4.0
129,20.0,2021-10-24,39.5
129,37.0,2021-12-19,1.75
129,39.0,2021-08-31,1.25
129,40.0,2021-06-29,0.25
129,73.0,2021-08-12,3.5
129,75.0,2020-10-10,5.0
129,109.0,2020-08-29,48.0
129,116.0,2020-04-05,24.0
129,230.0,2021-09-06,39.5
129,231.0,2021-12-05,2.25
129,233.0,2022-01-08,24.0
129,76.0,2021-12-12,36.5
129,358.0,2020-07-27,5.0
129,960.0,2020-09-26,75.0
129,239.0,2020-08-15,43.5
129,731.0,2020-06-18,36.0
129,549.0,2021-10-07,19.0
129,533.0,2021-07-06,4.5
129,500.0,2021-12-31,1.0
129,512.0,2020-08-31,2.25
129,478.0,2020-02-21,32.0
129,472.0,2020-07-03,80.25
129,427.0,2021-04-21,16.0
129,375.0,2020-11-07,7.0
129,498.0,2021-07-05,43.0
130,1942.0,2022-01-04,100.0
130,1331.0,2020-06-27,1.75
130,1372.0,2020-05-24,80.25
130,1871.0,2020-12-30,3.25
130,1970.0,2021-10-28,3.0
130,11198.0,2020-08-11,3.5
130,2031.0,2020-09-04,8.0
130,7344.0,2020-10-03,80.25
130,9730.0,2020-10-08,28.0
130,11133.0,2021-11-18,52.0
130,26758.0,2020-10-09,15.0
130,1262.0,2021-05-01,80.25
130,2031.0,2020-08-21,201.0
130,1164.0,2020-05-27,3.5
130,1887.0,2021-05-20,5.0
130,960.0,2020-11-02,24.0
130,1020.0,2020-12-03,48.0
130,38.0,2021-11-03,52.0
130,39.0,2021-09-05,0.25
130,71.0,2020-04-06,100.0
130,75.0,2020-02-03,4.0
130,126.0,2020-07-02,13.0
130,73.0,2020-12-28,4.5
130,239.0,2020-07-21,40.0
130,434.0,2020-02-17,90.0
130,500.0,2020-12-09,52.0
130,529.0,2021-10-28,2.25
130,537.0,2021-05-10,3.25
130,559.0,2020-03-20,3.25
130,233.0,2020-06-27,1.25
131,1802.0,2021-11-07,1.25
131,731.0,2021-02-12,8.5
131,1068.0,2021-06-24,722.0
131,1068.0,2021-07-08,20.5
131,1262.0,2021-01-09,60.0
131,1871.0,2021-03-18,52.0
131,7599.0,2020-11-08,1.25
131,1970.0,2020-07-12,48.0
131,2031.0,2021-09-19,590.0
131,2031.0,2021-10-03,14.0
131,2155.0,2021-08-29,3.75
131,7342.0,2021-12-21,75.0
131,559.0,2021-03-15,52.0
131,1942.0,2020-05-30,5.0
131,551.0,2021-07-03,3.0
131,500.0,2021-09-21,75.0
131,512.0,2020-12-11,48.0
131,16.0,2020-08-12,5.0
131,533.0,2021-06-04,60.0
131,37.0,2020-10-15,16.0
131,74.0,2021-12-08,11.0
131,74.0,2021-12-22,40.0
131,121.0,2021-12-15,32.0
131,21.0,2021-01-28,2.75
131,231.0,2021-11-23,16.0
131,233.0,2021-05-15,4.0
131,358.0,2021-08-04,2.25
131,375.0,2021-10-17,41.5
131,427.0,2021-04-08,0.0
131,127.0,2020-04-10,0.0
132,1887.0,2021-11-10,2.5
132,14593.0,2020-12-22,2.25
132,12517.0,2020-08-11,2.0
132,11198.0,2021-10-14,3.0
132,11156.0,2021-03-02,1.75
132,7331.0,2020-11-11,3.25
132,2155.0,2021-07-17,4.5
132,2031.0,2021-11-18,10.0
132,2031.0,2021-11-04,716.0
132,1802.0,2021-12-08,4.0
132,1970.0,2020-07-28,16.0
132,979.0,2020-05-28,0.5
132,124.0,2020-04-11,4.0
132,231.0,2020-08-15,3.5
132,500.0,2020-06-05,1.0
132,501.0,2022-01-08,0.75
132,239.0,2021-03-02,25.5
132,733.0,2021-07-26,4.75
132,866.0,2021-11-09,80.25
132,1121.0,2021-09-12,3.25
132,960.0,2020-11-12,1.5
132,622.0,2020-03-21,2.5
133,1942.0,2020-10-22,0.5
133,960.0,2020-10-22,4.0
133,1070.0,2020-07-14,29.0
133,1331.0,2020-05-07,4.0
133,1802.0,2020-08-21,4.25
133,1970.0,2020-03-06,4.25
133,11133.0,2021-10-19,24.0
133,2031.0,2020-07-24,26.0
133,7342.0,2021-08-10,1.25
133,9730.0,2020-05-22,27.5
133,733.0,2020-08-20,2.0
133,11198.0,2021-11-25,0.5
133,2031.0,2020-07-10,481.0
133,623.0,2020-11-14,0.0
133,1262.0,2021-12-03,80.25
133,529.0,2020-03-26,10.0
133,537.0,2021-01-23,2.0
133,37.0,2021-09-27,5.0
133,40.0,2020-06-19,3.25
133,72.0,2021-10-10,2.75
133,121.0,2021-08-19,1.75
133,230.0,2021-09-29,263.0
133,116.0,2020-09-30,2.25
133,233.0,2021-08-30,48.0
133,358.0,2021-08-15,1.5
133,427.0,2020-12-20,1.0
133,472.0,2021-11-10,3.25
133,493.0,2020-11-09,3.5
133,230.0,2021-10-13,43.5
134,3025.0,2021-07-31,90.0
134,1887.0,2021-01-08,0.0
134,1942.0,2020-08-06,4.75
134,1970.0,2020-10-21,0.25
134,2031.0,2020-10-05,384.0
134,25076.0,2021-09-29,2.25
134,2031.0,2020-10-19,5.0
134,5503.0,2021-06-01,44.0
134,11198.0,2020-03-05,3.5
134,7342.0,2021-06-04,2.25
134,7344.0,2022-01-09,10.0
134,7351.0,2020-04-08,2.5
134,8173.0,2021-01-06,1.0
134,11133.0,2020-06-11,0.0
134,11208.0,2020-05-29,30.5
134,14593.0,2021-08-26,0.0
134,1802.0,2020-12-26,90.0
134,7334.0,2021-11-10,11.5
134,1331.0,2021-06-27,16.0
134,501.0,2021-11-16,1.5
134,1029.0,2022-01-05,3.0
134,1262.0,2020-06-04,3.25
134,39.0,2021-10-25,75.0
134,73.0,2020-03-17,1.0
134,109.0,2021-05-01,16.0
134,116.0,2021-12-24,1.0
134,124.0,2021-05-16,0.0
134,127.0,2020-10-20,0.0
134,230.0,2021-07-11,22.5
134,76.0,2020-11-01,24.5
134,233.0,2021-05-25,80.25
134,434.0,2020-07-05,4.25
134,500.0,2021-05-23,1.25
134,537.0,2020-07-03,5.0
134,549.0,2020-11-27,48.0
134,673.0,2020-05-27,100.0
134,731.0,2021-05-08,38.5
134,231.0,2020-06-03,16.0
134,960.0,2020-08-13,80.25
135,1266.0,2020-08-12,90.0
135,1262.0,2021-11-15,3.25
135,1164.0,2020-02-27,5.0
135,1121.0,2020-07-31,2.5
135,1068.0,2021-11-15,7.0
135,1011.0,2021-09-07,48.0
135,1020.0,2020-05-05,1.0
135,979.0,2021-01-27,0.0
135,974.0,2021-12-27,52.0
135,1331.0,2021-04-22,0.75
135,1068.0,2021-11-01,710.0
135,1871.0,2021-04-25,1.75
135,7599.0,2021-11-02,4.0
135,1942.0,2020-11-01,2.5
135,1970.0,2021-06-05,48.0
135,2155.0,2021-08-27,2.0
135,6036.0,2020-06-17,32.5
135,6801.0,2022-01-02,3.0
135,7334.0,2020-07-31,18.0
135,7346.0,2020-10-26,2.25
135,7351.0,2020-02-20,90.0
135,8173.0,2020-04-07,1.0
135,11198.0,2020-12-21,0.0
135,12517.0,2020-11-23,3.25
135,14593.0,2020-03-29,48.0
135,1887.0,2021-02-03,3.25
135,960.0,2021-01-24,16.0
135,559.0,2020-05-10,1.0
135,622.0,2020-07-31,10.0
135,673.0,2021-11-29,0.75
135,15.0,2021-09-13,1.0
135,16.0,2021-06-22,1.0
135,21.0,2020-07-17,1.0
135,37.0,2020-09-27,52.0
135,38.0,2020-07-22,4.0
135,40.0,2020-05-29,75.0
135,72.0,2020-10-13,52.0
135,73.0,2020-02-02,1.0
135,75.0,2021-02-20,1.0
135,113.0,2022-01-10,16.0
135,116.0,2020-02-23,24.0
135,59.0,2021-10-08,16.0
135,128.0,2020-10-03,0.0
135,121.0,2020-07-11,52.0
135,529.0,2021-05-27,24.0
135,501.0,2021-02-08,80.25
135,478.0,2020-05-17,3.75
135,533.0,2020-10-05,1.0
135,427.0,2021-10-08,75.0
135,431.0,2022-01-02,80.25
135,233.0,2021-05-07,1.5
135,231.0,2020-10-27,2.0
135,230.0,2020-12-19,11.5
135,132.0,2020-02-27,1.75
135,358.0,2021-11-18,4.5
136,1887.0,2020-08-07,2.5
136,1871.0,2021-01-14,2.25
136,1802.0,2021-09-01,1.75
136,1331.0,2021-03-13,5.0
136,1262.0,2020-07-16,90.0
136,730.0,2021-10-19,4.75
136,1026.0,2021-09-25,4.5
136,1011.0,2020-05-14,3.75
136,960.0,2020-03-13,0.5
136,732.0,2020-07-06,52.0
136,1942.0,2021-11-15,3.0
136,1164.0,2021-02-19,10.0
136,1970.0,2021-04-12,24.0
136,14593.0,2021-05-09,60.0
136,2155.0,2020-06-27,3.0
136,2993.0,2020-03-07,2.5
136,6801.0,2021-10-28,2.5
136,7342.0,2021-10-31,1.25
136,7344.0,2021-06-03,0.75
136,7346.0,2020-03-05,5.0
136,7599.0,2020-04-18,4.25
136,8173.0,2021-03-07,2.25
136,11198.0,2020-02-22,4.0
136,11208.0,2020-11-10,20.0
136,12517.0,2020-12-11,0.0
136,673.0,2020-05-31,2.25
136,26758.0,2021-09-02,28.5
136,1985.0,2020-12-24,1.25
136,623.0,2020-02-03,0.0
136,500.0,2020-02-22,2.0
136,545.0,2020-11-15,2.75
136,15.0,2020-07-26,1.75
136,21.0,2021-06-01,2.5
136,38.0,2021-03-07,4.0
136,59.0,2020-09-10,60.0
136,75.0,2021-03-08,2.0
136,113.0,2020-08-25,60.0
136,559.0,2020-12-05,2.0
136,121.0,2021-03-01,80.25
136,124.0,2021-07-23,1.25
136,126.0,2021-02-19,25.5
136,127.0,2020-05-17,24.0
136,230.0,2021-09-25,23.0
136,231.0,2021-01-20,3.5
136,116.0,2020-04-28,4.0
136,247.0,2021-09-21,2.25
136,233.0,2020-08-29,4.25
136,538.0,2021-07-20,75.0
136,537.0,2020-09-12,0.0
136,533.0,2020-08-15,2.75
136,493.0,2020-10-16,12.0
136,478.0,2022-01-06,3.25
136,529.0,2020-08-02,0.0
136,434.0,2020-05-04,75.0
136,431.0,2021-12-24,4.75
136,427.0,2020-03-03,4.0
136,358.0,2020-07-18,4.5
136,343.0,2021-12-27,75.0
136,472.0,2021-07-26,10.0
137,1352.0,2020-09-05,3.0
137,733.0,2020-10-11,80.25
137,979.0,2020-08-22,3.25
137,1266.0,2021-03-20,4.75
137,1331.0,2020-04-14,4.5
137,1871.0,2020-08-06,75.0
137,12517.0,2021-07-19,32.0
137,14593.0,2021-03-31,2.75
137,2031.0,2021-05-24,8.0
137,2155.0,2021-11-01,2.75
137,6801.0,2021-09-05,0.75
137,11198.0,2020-04-08,3.75
137,673.0,2021-07-30,100.0
137,1887.0,2020-03-15,4.0
137,565.0,2021-03-19,75.0
137,2031.0,2021-05-10,434.0
137,537.0,2021-09-23,60.0
137,538.0,2020-03-29,0.5
137,37.0,2020-12-30,0.5
137,38.0,2020-04-15,10.0
137,59.0,2021-03-17,0.0
137,71.0,2021-01-13,1.5
137,73.0,2020-07-18,1.75
137,43.0,2021-04-25,3.25
137,247.0,2021-09-24,5.0
137,343.0,2020-08-10,2.0
137,379.0,2021-09-09,0.0
137,427.0,2020-08-02,4.5
137,478.0,2021-06-03,75.0
137,500.0,2020-12-26,1.5
137,231.0,2021-10-31,10.0
138,2993.0,2020-05-25,24.0
138,1074.0,2021-11-24,42.5
138,1121.0,2020-03-27,3.5
138,1262.0,2020-05-14,3.75
138,1331.0,2020-03-22,48.0
138,1802.0,2020-04-26,0.0
138,1871.0,2020-08-27,10.0
138,1942.0,2021-04-12,1.0
138,7342.0,2021-10-24,24.0
138,19560.0,2020-05-27,0.5
138,7346.0,2021-12-01,3.5
138,8173.0,2021-12-01,0.5
138,9730.0,2020-08-14,19.0
138,11198.0,2021-09-17,0.25
138,14593.0,2021-02-08,32.0
138,1029.0,2020-05-04,75.0
138,19565.0,2021-05-23,2.75
138,7344.0,2021-05-26,1.25
138,1026.0,2021-02-27,1.25
138,12517.0,2020-07-06,1.0
138,979.0,2020-09-17,3.0
138,1011.0,2021-07-02,75.0
138,40.0,2020-08-21,1.75
138,59.0,2020-09-03,4.25
138,113.0,2021-01-08,52.0
138,128.0,2021-09-04,0.25
138,247.0,2020-08-10,2.0
138,358.0,2020-08-04,3.0
138,427.0,2021-09-19,0.0
138,478.0,2021-04-17,3.75
138,72.0,2020-09-16,0.75
138,500.0,2020-05-13,1.0
138,529.0,2020-07-17,24.0
138,533.0,2020-02-11,52.0
138,545.0,2021-09-28,24.0
138,974.0,2020-08-29,0.0
138,673.0,2020-08-30,52.0
138,732.0,2021-01-29,3.0
138,866.0,2020-07-07,1.75
138,498.0,2021-10-25,44.0
139,1011.0,2021-08-20,3.75
139,1164.0,2020-02-07,3.75
139,1262.0,2021-06-15,5.0
139,1331.0,2021-08-24,3.5
139,1887.0,2020-09-28,0.0
139,1942.0,2021-09-09,52.0
139,7334.0,2021-04-02,28.0
139,6801.0,2020-09-19,1.25
139,7323.0,2020-05-18,1.75
139,8173.0,2021-04-29,4.25
139,11198.0,2020-02-20,3.25
139,12517.0,2020-03-24,2.25
139,960.0,2021-05-26,3.75
139,14593.0,2021-07-08,80.25
139,1970.0,2020-08-16,4.25
139,732.0,2021-02-04,0.0
139,533.0,2020-04-29,80.25
139,673.0,2020-07-30,0.0
139,730.0,2020-12-08,0.25
139,20.0,2021-03-04,43.0
139,37.0,2021-07-01,2.75
139,38.0,2020-11-06,90.0
139,71.0,2021-06-15,4.75
139,74.0,2021-03-11,392.0
139,74.0,2021-03-25,19.5
139,73.0,2020-07-04,0.75
139,132.0,2020-04-28,3.75
139,343.0,2021-08-17,32.0
139,472.0,2020-10-30,48.0
139,478.0,2020-05-11,0.0
139,498.0,2020-05-14,21.5
139,622.0,2021-02-08,48.0
139,75.0,2021-03-23,0.5
140,1352.0,2021-12-21,5.0
140,730.0,2020-10-08,4.75
140,960.0,2020-07-19,3.5
140,1262.0,2021-06-19,100.0
140,1331.0,2020-08-17,3.0
140,1802.0,2020-07-21,80.25
140,673.0,2021-03-22,80.25
140,3025.0,2021-05-29,4.75
140,11133.0,2021-02-14,3.75
140,14593.0,2021-06-17,16.0
140,25076.0,2021-01-17,5.0
140,26758.0,2021-03-14,3.0
140,2155.0,2020-09-14,0.0
140,538.0,2020-06-07,3.25
140,622.0,2020-06-15,2.75
140,537.0,2021-02-04,3.25
140,21.0,2021-02-12,1.75
140,39.0,2021-10-03,4.5
140,40.0,2021-06-08,52.0
140,71.0,2021-01-09,75.0
140,75.0,2020-10-08,52.0
140,124.0,2020-04-17,2.0
140,73.0,2021-12-20,3.25
140,132.0,2021-05-08,5.0
140,233.0,2020-05-10,2.5
140,247.0,2020-02-13,24.0
140,327.0,2020-08-27,4.5
140,343.0,2020-11-21,60.0
140,501.0,2020-06-05,10.0
140,127.0,2021-08-13,0.0
141,2207.0,2021-07-23,4.5
141,1331.0,2021-09-12,0.75
141,1802.0,2020-03-25,80.25
141,1887.0,2021-10-02,2.0
141,1942.0,2021-04-14,1.5
141,2155.0,2020-03-13,1.75
141,6801.0,2020-09-23,80.25
141,1266.0,2021-08-05,1.75
141,7344.0,2021-08-15,3.25
141,8173.0,2020-05-13,3.75
141,11208.0,2021-10-06,41.5
141,12517.0,2020-05-19,16.0
141,25076.0,2020-12-16,5.0
141,1121.0,2021-05-29,100.0
141,7342.0,2020-03-21,10.0
141,1026.0,2020-03-14,4.25
141,533.0,2020-03-17,10.0
141,623.0,2021-01-31,16.0
141,16.0,2020-11-04,52.0
141,21.0,2020-05-15,48.0
141,37.0,2020-03-31,75.0
141,39.0,2020-11-04,3.5
141,673.0,2021-11-21,3.5
141,74.0,2021-08-26,446.0
141,74.0,2021-09-09,15.5
141,71.0,2020-11-20,100.0
141,239.0,2021-03-02,36.5
141,478.0,2020-03-31,4.75
141,512.0,2021-01-13,52.0
141,529.0,2021-01-30,24.0
141,551.0,2020-11-03,1.5
141,116.0,2021-10-13,1.5
142,1262.0,2021-06-21,75.0
142,974.0,2021-06-26,5.0
142,979.0,2021-01-06,4.75
142,1011.0,2022-01-10,32.0
142,1074.0,2021-11-19,427.0
142,1074.0,2021-12-03,33.5
142,1121.0,2021-08-06,0.0
142,960.0,2021-04-06,60.0
142,1331.0,2020-12-15,10.0
142,116.0,2022-01-04,1.25
142,1871.0,2020-08-02,16.0
142,1942.0,2020-07-17,24.0
142,7323.0,2021-11-28,3.75
142,7351.0,2020-09-19,2.75
142,8173.0,2021-09-09,90.0
142,9630.0,2020-11-20,4.0
142,11198.0,2020-02-14,48.0
142,12517.0,2020-12-18,0.0
142,730.0,2021-09-04,0.0
142,1802.0,2020-05-02,10.0
142,565.0,2022-01-06,4.5
142,16.0,2021-04-18,3.25
142,545.0,2021-09-09,80.25
142,21.0,2021-07-29,2.0
142,38.0,2021-08-24,1.75
142,72.0,2021-12-13,4.75
142,73.0,2021-08-05,90.0
142,549.0,2020-10-24,4.0
142,121.0,2021-05-18,3.0
142,124.0,2021-05-13,52.0
142,127.0,2021-02-16,75.0
142,109.0,2020-05-18,4.25
142,233.0,2020-07-24,1.75
142,247.0,2021-08-09,2.25
142,343.0,2020-02-23,3.0
142,358.0,2020-11-08,24.0
142,427.0,2021-07-07,1.0
142,501.0,2020-08-18,2.5
142,529.0,2021-09-24,4.25
142,533.0,2021-02-20,2.0
142,128.0,2021-05-02,24.0
143,1352.0,2020-10-30,48.0
143,1331.0,2020-06-23,1.75
143,1262.0,2021-02-17,3.75
143,1802.0,2020-10-30,2.5
143,1074.0,2021-05-15,20.5
143,26758.0,2021-08-14,42.0
143,1164.0,2020-04-22,3.75
143,1871.0,2021-07-21,75.0
143,1026.0,2021-10-29,1.25
143,1942.0,2020-02-29,4.0
143,5503.0,2020-10-31,13.0
143,7342.0,2021-04-17,4.25
143,7344.0,2020-01-31,60.0
143,7346.0,2021-02-15,24.0
143,8173.0,2021-09-30,1.75
143,11198.0,2020-04-24,32.0
143,12517.0,2020-10-13,0.0
143,1887.0,2020-09-06,60.0
143,974.0,2022-01-05,4.25
143,1074.0,2021-05-01,33.0
143,565.0,2020-10-03,1.5
143,673.0,2021-09-02,3.5
143,15.0,2021-10-08,3.0
143,18.0,2020-08-14,88.0
143,18.0,2020-08-28,34.0
143,21.0,2020-03-19,2.25
143,37.0,2020-11-06,75.0
143,74.0,2021-03-29,27.5
143,75.0,2020-12-02,0.75
143,74.0,2021-03-15,537.0
143,127.0,2020-09-02,1.25
143,128.0,2020-09-22,1.5
143,343.0,2021-03-25,4.0
143,358.0,2021-03-13,2.25
143,427.0,2021-11-25,24.0
143,478.0,2020-04-19,16.0
143,529.0,2021-11-05,1.0
143,559.0,2020-06-01,2.0
143,116.0,2021-07-05,1.75
144,7334.0,2020-08-02,6.0
144,25076.0,2020-12-08,2.25
144,14593.0,2021-08-24,3.25
144,11198.0,2021-11-06,75.0
144,6801.0,2020-10-25,24.0
144,549.0,2020-08-27,8.5
144,1070.0,2020-07-29,39.5
144,1029.0,2021-09-27,3.25
144,673.0,2020-08-08,2.5
144,427.0,2020-11-09,4.25
144,116.0,2021-03-24,3.5
144,1802.0,2020-03-03,0.0
145,979.0,2021-03-09,3.25
145,1011.0,2020-10-11,0.25
145,1020.0,2020-02-04,5.0
145,1164.0,2022-01-01,3.25
145,5503.0,2020-08-24,47.5
145,5503.0,2020-08-10,458.0
145,7599.0,2020-05-06,0.5
145,8173.0,2021-12-31,0.0
145,960.0,2020-04-30,3.75
145,2993.0,2020-09-18,16.0
145,866.0,2021-02-25,100.0
145,239.0,2020-11-01,352.0
145,533.0,2020-02-05,0.5
145,239.0,2020-11-15,42.0
145,233.0,2020-03-17,0.0
145,109.0,2021-10-13,0.0
145,73.0,2021-12-31,0.5
145,72.0,2020-07-14,32.0
145,71.0,2020-12-23,1.5
145,40.0,2020-09-21,0.25
145,16.0,2020-03-20,90.0
145,538.0,2020-05-12,5.0
146,1942.0,2020-10-30,1.0
146,1372.0,2020-09-22,3.25
146,1331.0,2020-06-09,1.25
146,1262.0,2021-10-20,2.0
146,1020.0,2021-06-10,2.25
146,1070.0,2020-06-24,466.0
146,1026.0,2021-11-15,3.75
146,1970.0,2021-10-19,90.0
146,979.0,2021-01-22,32.0
146,1070.0,2020-07-08,34.5
146,1985.0,2021-08-10,24.0
146,6801.0,2021-01-21,32.0
146,3025.0,2021-05-06,52.0
146,5503.0,2020-11-01,381.0
146,5503.0,2020-11-15,14.5
146,7344.0,2020-05-03,0.5
146,7351.0,2020-04-02,5.0
146,8173.0,2020-10-23,32.0
146,11133.0,2021-08-20,52.0
146,11198.0,2020-09-29,4.0
146,12517.0,2020-04-09,3.75
146,14593.0,2020-04-27,1.0
146,974.0,2021-11-15,3.25
146,2155.0,2021-03-06,4.5
146,960.0,2021-12-08,48.0
146,59.0,2020-11-19,3.5
146,730.0,2020-05-08,0.25
146,38.0,2020-11-05,24.0
146,40.0,2021-08-28,1.75
146,71.0,2021-07-26,100.0
146,72.0,2020-08-12,1.25
146,74.0,2021-01-25,456.0
146,74.0,2021-02-08,40.5
146,733.0,2021-05-14,1.75
146,76.0,2020-08-31,17.5
146,116.0,2021-01-15,60.0
146,127.0,2021-12-16,1.25
146,358.0,2020-07-02,100.0
146,76.0,2020-08-17,430.0
146,375.0,2020-11-12,26.5
146,375.0,2020-10-29,309.0
146,622.0,2021-11-28,1.0
146,559.0,2021-08-17,60.0
146,537.0,2021-10-30,5.0
146,673.0,2020-04-20,0.0
146,529.0,2021-09-06,1.0
146,500.0,2021-08-13,3.75
146,478.0,2020-07-18,60.0
146,472.0,2021-11-03,48.0
146,533.0,2021-03-06,60.0
147,1011.0,2021-02-28,2.0
147,19560.0,2021-05-06,1.0
147,12517.0,2020-04-13,75.0
147,3025.0,2020-11-30,32.0
147,2155.0,2020-11-05,75.0
147,25076.0,2020-04-02,80.25
147,1372.0,2021-11-12,2.25
147,1331.0,2021-11-28,4.5
147,1121.0,2021-06-13,4.75
147,960.0,2021-03-30,4.5
147,431.0,2021-11-08,52.0
147,673.0,2021-11-13,3.25
147,730.0,2021-10-27,80.25
147,72.0,2021-12-17,1.0
147,74.0,2020-11-24,269.0
147,74.0,2020-12-08,9.0
147,38.0,2020-08-31,1.0
147,478.0,2020-11-12,0.5
147,537.0,2021-12-02,75.0
147,538.0,2021-08-30,0.0
147,472.0,2021-03-26,100.0
148,7342.0,2021-06-26,3.5
148,1887.0,2021-03-26,3.75
148,1942.0,2021-06-20,5.0
148,2031.0,2021-04-12,589.0
148,2031.0,2021-04-26,0.5
148,2993.0,2021-05-27,0.5
148,7331.0,2020-06-01,4.25
148,7351.0,2021-12-23,80.25
148,11198.0,2021-11-21,0.0
148,8173.0,2021-11-17,0.5
148,11133.0,2021-12-27,3.0
148,11156.0,2021-05-15,0.0
148,1871.0,2020-04-17,3.0
148,12517.0,2021-11-06,48.0
148,14593.0,2020-10-26,10.0
148,19560.0,2020-07-05,4.25
148,7599.0,2020-09-12,1.0
148,1331.0,2021-06-21,3.0
148,1802.0,2021-03-11,1.0
148,1070.0,2020-07-10,30.0
148,16.0,2021-10-13,4.75
148,40.0,2020-07-06,3.5
148,72.0,2020-06-21,16.0
148,1164.0,2020-07-21,1.5
148,132.0,2021-04-21,4.5
148,239.0,2020-07-15,483.0
148,239.0,2020-07-29,23.5
148,247.0,2021-01-09,3.75
148,375.0,2021-06-21,204.0
148,116.0,2021-07-08,80.25
148,529.0,2021-04-19,48.0
148,533.0,2020-10-04,4.25
148,622.0,2020-11-22,10.0
148,673.0,2020-10-10,0.0
148,1020.0,2020-11-22,90.0
148,1026.0,2020-05-18,2.75
148,1029.0,2020-03-28,0.25
148,375.0,2021-07-05,47.5
149,1331.0,2020-09-12,32.0
149,1372.0,2020-10-02,2.25
149,1802.0,2021-08-21,24.0
149,1871.0,2020-11-29,0.0
149,1942.0,2020-07-19,90.0
149,8173.0,2020-03-18,80.25
149,11198.0,2020-05-15,1.0
149,11208.0,2020-11-05,35.0
149,12517.0,2021-11-20,0.0
149,1262.0,2020-02-28,90.0
149,1985.0,2022-01-03,4.75
149,1029.0,2021-02-12,16.0
149,124.0,2021-12-23,100.0
149,974.0,2020-09-22,10.0
149,1026.0,2020-09-07,52.0
149,109.0,2021-11-21,5.0
149,116.0,2020-07-17,4.75
149,231.0,2020-12-09,16.0
149,358.0,2021-06-29,10.0
149,126.0,2021-11-15,24.0
149,472.0,2020-05-07,4.75
149,673.0,2021-03-21,32.0
149,733.0,2020-05-10,4.5
149,960.0,2020-09-17,1.5
149,427.0,2021-07-07,90.0
150,1068.0,2020-05-29,45.5
150,1372.0,2020-02-23,3.5
150,1331.0,2020-12-27,3.5
150,1262.0,2021-07-27,1.0
150,1068.0,2020-05-15,581.0
150,974.0,2021-05-31,4.75
150,1026.0,2021-03-23,48.0
150,1011.0,2021-02-18,2.75
150,979.0,2021-12-16,3.0
150,1802.0,2021-04-14,0.75
150,960.0,2021-07-29,1.25
150,1029.0,2020-06-04,80.25
150,1871.0,2020-12-26,0.0
150,6036.0,2021-03-12,620.0
150,1942.0,2020-06-02,3.0
150,1985.0,2021-03-12,24.0
150,2155.0,2020-07-01,48.0
150,5503.0,2021-11-17,4.0
150,6036.0,2021-03-26,11.0
150,7323.0,2020-11-23,1.25
150,7342.0,2020-02-07,48.0
150,7344.0,2020-11-20,10.0
150,7351.0,2021-07-18,2.75
150,8173.0,2020-01-31,24.0
150,11198.0,2021-05-24,4.5
150,866.0,2021-03-02,1.0
150,1887.0,2020-12-31,1.0
150,733.0,2021-01-17,16.0
150,12517.0,2020-06-27,90.0
150,730.0,2020-11-30,2.25
150,15.0,2021-03-25,1.5
150,16.0,2020-12-29,1.75
150,37.0,2020-03-25,4.25
150,39.0,2021-09-16,0.0
150,40.0,2020-03-15,80.25
150,43.0,2021-07-28,3.75
150,59.0,2021-12-28,4.0
150,73.0,2020-10-29,16.0
150,75.0,2020-06-11,3.0
150,76.0,2020-07-05,28.5
150,113.0,2020-08-03,4.0
150,124.0,2020-10-24,0.75
150,732.0,2021-11-09,2.0
150,132.0,2020-05-20,4.0
150,327.0,2021-05-26,4.75
150,343.0,2021-04-30,0.75
150,358.0,2021-09-28,100.0
150,472.0,2020-04-02,1.0
150,478.0,2021-07-29,1.5
150,498.0,2021-05-12,26.5
150,529.0,2021-04-26,2.25
150,533.0,2020-10-20,2.5
150,537.0,2021-09-01,2.75
150,559.0,2021-08-17,3.75
150,622.0,2020-05-28,10.0
150,673.0,2021-06-09,0.0
150,231.0,2020-08-27,2.5
150,14593.0,2020-05-12,2.25
