id_usuario,id_capitulo,fecha
1,90.0,08-27-2021
1,139.0,09-18-2020
1,138.0,2020-05-10 00:00:00
1,156.0,06-23-2021
1,38.0,2020-06-10 00:00:00
1,157.0,11-13-2021
1,33.0,10-27-2020
1,47.0,2020-03-09 00:00:00
1,140.0,10-30-2020
2,106.0,09-20-2020
2,128.0,2020-05-07 00:00:00
2,127.0,10-29-2020
2,105.0,10-23-2021
2,126.0,11-20-2020
2,75.0,2020-11-06 00:00:00
2,107.0,09-28-2021
3,43.0,2021-12-08 00:00:00
3,148.0,10-29-2020
3,104.0,2021-09-08 00:00:00
3,102.0,07-15-2021
3,147.0,2021-08-07 00:00:00
3,105.0,06-21-2021
3,101.0,09-18-2021
3,99.0,2021-02-06 00:00:00
3,149.0,03-28-2021
3,134.0,09-20-2021
3,132.0,09-21-2021
3,100.0,08-14-2021
3,133.0,07-29-2021
3,103.0,10-23-2021
4,84.0,2021-11-09 00:00:00
4,102.0,2021-08-08 00:00:00
4,126.0,06-29-2021
4,157.0,2021-06-02 00:00:00
4,85.0,05-21-2021
4,130.0,08-30-2021
4,131.0,08-29-2021
4,54.0,07-13-2021
4,90.0,07-13-2021
4,156.0,12-24-2020
4,128.0,08-14-2021
4,103.0,08-27-2021
4,86.0,08-27-2021
4,87.0,01-15-2021
4,88.0,06-21-2021
4,92.0,2021-07-07 00:00:00
4,149.0,08-26-2021
4,148.0,08-16-2021
4,91.0,2021-04-07 00:00:00
4,146.0,07-18-2021
4,142.0,02-21-2021
4,147.0,06-30-2021
4,89.0,2021-01-04 00:00:00
4,100.0,03-24-2021
5,88.0,11-14-2021
5,87.0,2021-09-11 00:00:00
5,93.0,2021-09-11 00:00:00
5,94.0,2021-09-11 00:00:00
5,89.0,11-27-2021
5,95.0,2021-09-11 00:00:00
6,78.0,2021-10-09 00:00:00
6,156.0,10-15-2021
6,157.0,08-26-2020
6,88.0,07-22-2021
6,80.0,07-14-2021
6,89.0,10-22-2021
6,147.0,02-17-2021
6,82.0,2020-08-10 00:00:00
7,130.0,12-24-2021
7,153.0,12-19-2021
7,139.0,2021-11-11 00:00:00
7,94.0,11-13-2021
7,146.0,11-19-2021
7,65.0,11-20-2021
7,104.0,08-27-2021
7,93.0,08-27-2021
7,5.0,2021-01-11 00:00:00
7,138.0,08-26-2021
7,129.0,12-18-2021
7,154.0,12-18-2021
7,156.0,12-20-2021
7,144.0,08-17-2021
7,98.0,09-26-2021
7,96.0,2021-10-09 00:00:00
7,155.0,12-24-2021
7,145.0,2021-04-08 00:00:00
7,131.0,12-15-2021
7,140.0,10-21-2021
7,157.0,12-21-2021
8,75.0,2021-03-11 00:00:00
8,135.0,2021-06-12 00:00:00
8,85.0,2021-03-11 00:00:00
8,140.0,12-13-2021
8,59.0,2021-05-11 00:00:00
8,138.0,12-14-2021
8,116.0,2021-05-11 00:00:00
8,139.0,11-28-2021
8,128.0,2021-06-11 00:00:00
8,73.0,2021-03-11 00:00:00
8,84.0,2021-04-11 00:00:00
8,105.0,06-17-2021
8,86.0,12-21-2021
8,71.0,2021-03-11 00:00:00
8,91.0,02-16-2021
8,107.0,05-26-2021
8,92.0,02-16-2021
8,127.0,2021-07-11 00:00:00
8,155.0,2021-06-11 00:00:00
8,90.0,02-16-2021
8,153.0,2021-06-11 00:00:00
8,72.0,2021-03-11 00:00:00
8,106.0,10-21-2021
8,70.0,2021-03-11 00:00:00
8,154.0,2021-03-11 00:00:00
8,86.0,2021-03-11 00:00:00
8,126.0,2021-06-11 00:00:00
9,136.0,05-27-2021
9,137.0,05-31-2020
9,135.0,06-24-2020
10,132.0,06-27-2021
10,134.0,04-21-2021
10,107.0,2021-12-12 00:00:00
10,133.0,2021-07-01 00:00:00
10,106.0,06-24-2021
10,129.0,01-25-2021
10,131.0,07-13-2021
11,76.0,2021-04-03 00:00:00
11,144.0,02-24-2021
11,152.0,2020-06-11 00:00:00
11,81.0,2021-05-01 00:00:00
11,150.0,2020-04-12 00:00:00
11,131.0,12-29-2021
11,129.0,10-30-2021
11,151.0,05-25-2021
11,130.0,2021-03-09 00:00:00
11,77.0,2021-05-05 00:00:00
11,90.0,09-21-2021
12,117.0,11-23-2021
12,75.0,2020-12-08 00:00:00
12,128.0,11-30-2020
12,91.0,11-28-2021
12,127.0,07-20-2021
12,92.0,2021-06-08 00:00:00
12,126.0,07-25-2021
12,71.0,2020-12-08 00:00:00
12,4.0,11-26-2021
12,118.0,06-28-2021
12,3.0,2021-03-10 00:00:00
12,5.0,08-23-2021
12,119.0,2021-06-04 00:00:00
12,70.0,2020-12-08 00:00:00
12,68.0,09-19-2021
12,89.0,2021-10-10 00:00:00
12,148.0,04-24-2021
12,129.0,2021-04-05 00:00:00
12,90.0,2021-06-09 00:00:00
12,147.0,2021-06-12 00:00:00
12,74.0,2020-12-08 00:00:00
12,66.0,2021-12-11 00:00:00
13,34.0,2021-11-02 00:00:00
13,112.0,2021-07-05 00:00:00
13,73.0,2021-07-01 00:00:00
13,134.0,2021-11-05 00:00:00
13,40.0,2021-03-06 00:00:00
13,47.0,01-17-2021
13,157.0,10-16-2021
13,71.0,2021-07-01 00:00:00
13,132.0,2021-02-09 00:00:00
13,156.0,11-20-2021
13,42.0,11-20-2021
13,133.0,2021-03-12 00:00:00
14,151.0,11-26-2021
14,103.0,12-24-2021
14,108.0,2021-03-12 00:00:00
14,130.0,01-18-2021
14,126.0,2020-09-12 00:00:00
14,134.0,05-17-2021
14,129.0,2021-12-04 00:00:00
14,123.0,2021-07-04 00:00:00
14,131.0,2021-10-01 00:00:00
14,18.0,12-15-2021
14,104.0,07-27-2021
14,110.0,2021-01-12 00:00:00
14,9.0,12-13-2021
14,150.0,12-19-2021
14,42.0,11-22-2021
14,124.0,08-18-2021
14,114.0,08-18-2021
14,133.0,2021-12-08 00:00:00
14,109.0,10-29-2021
14,128.0,09-26-2020
14,116.0,2021-06-08 00:00:00
14,116.0,08-16-2021
14,115.0,09-28-2021
14,127.0,2020-03-12 00:00:00
14,102.0,2021-02-09 00:00:00
14,35.0,11-17-2021
15,94.0,04-21-2021
15,99.0,05-30-2021
15,97.0,12-26-2020
15,66.0,01-30-2021
15,1.0,05-26-2021
15,2.0,08-30-2021
15,118.0,2021-06-07 00:00:00
15,112.0,2021-05-11 00:00:00
15,5.0,2021-04-06 00:00:00
15,140.0,2020-01-08 00:00:00
15,146.0,11-30-2021
15,138.0,2020-01-08 00:00:00
15,98.0,2021-11-01 00:00:00
15,101.0,03-22-2021
15,111.0,11-24-2021
15,139.0,2020-01-08 00:00:00
15,85.0,06-17-2021
15,96.0,08-20-2021
15,113.0,2021-03-12 00:00:00
15,95.0,02-22-2021
15,145.0,12-29-2021
16,123.0,12-25-2021
16,85.0,10-26-2021
16,125.0,12-26-2021
16,157.0,06-19-2021
16,52.0,2020-04-11 00:00:00
16,87.0,01-17-2021
16,106.0,04-28-2021
16,92.0,2021-07-12 00:00:00
16,84.0,2021-07-03 00:00:00
16,67.0,03-19-2021
16,58.0,2020-04-08 00:00:00
16,43.0,2020-11-08 00:00:00
16,86.0,2021-07-10 00:00:00
16,122.0,02-27-2021
16,45.0,02-27-2021
16,61.0,02-25-2021
16,50.0,2020-12-10 00:00:00
16,142.0,2021-07-04 00:00:00
16,66.0,2020-09-09 00:00:00
16,123.0,09-19-2021
16,62.0,2021-12-04 00:00:00
16,84.0,12-13-2021
16,125.0,10-29-2021
16,89.0,2021-08-05 00:00:00
16,103.0,2020-07-10 00:00:00
16,156.0,12-25-2021
16,124.0,2021-09-10 00:00:00
16,48.0,10-22-2021
16,141.0,2021-01-09 00:00:00
16,31.0,11-17-2020
16,3.0,2020-03-12 00:00:00
16,102.0,11-13-2020
16,124.0,2021-02-07 00:00:00
16,143.0,11-29-2020
16,137.0,10-21-2021
16,136.0,07-15-2021
16,135.0,2021-08-08 00:00:00
17,97.0,11-18-2020
17,98.0,10-15-2020
17,88.0,2020-07-10 00:00:00
17,115.0,2021-04-09 00:00:00
17,107.0,2021-10-07 00:00:00
17,116.0,04-15-2021
17,101.0,11-14-2020
17,89.0,2021-07-11 00:00:00
17,87.0,03-31-2021
17,114.0,2020-03-08 00:00:00
17,96.0,03-23-2021
17,99.0,08-22-2020
17,106.0,01-22-2021
17,100.0,2021-04-04 00:00:00
18,105.0,07-23-2021
18,152.0,11-28-2020
18,128.0,2020-07-12 00:00:00
18,150.0,05-18-2021
18,98.0,2021-10-04 00:00:00
18,77.0,03-27-2021
18,80.0,05-15-2021
18,109.0,03-27-2021
18,151.0,2021-10-12 00:00:00
18,69.0,07-17-2021
18,144.0,04-18-2021
18,86.0,07-20-2021
18,152.0,02-16-2021
18,78.0,11-29-2020
18,96.0,04-15-2021
18,146.0,10-31-2021
18,126.0,11-26-2021
18,145.0,2021-05-10 00:00:00
18,151.0,05-23-2021
18,107.0,01-21-2021
18,85.0,06-27-2021
18,150.0,12-30-2021
18,85.0,10-20-2020
18,4.0,06-28-2021
18,127.0,2020-02-11 00:00:00
18,84.0,2020-10-11 00:00:00
18,106.0,2021-03-12 00:00:00
18,81.0,2020-12-11 00:00:00
19,98.0,2020-12-06 00:00:00
19,151.0,04-14-2021
19,121.0,08-29-2021
19,120.0,04-13-2021
19,122.0,2021-10-04 00:00:00
19,104.0,09-30-2020
19,103.0,2020-01-10 00:00:00
19,138.0,07-18-2020
19,152.0,06-14-2021
19,150.0,03-21-2021
19,102.0,07-30-2020
20,129.0,2021-10-11 00:00:00
20,131.0,2021-08-11 00:00:00
21,152.0,02-22-2021
21,141.0,11-22-2020
21,156.0,2021-07-08 00:00:00
21,137.0,2020-11-11 00:00:00
21,79.0,07-23-2020
21,157.0,06-24-2021
21,85.0,2020-03-07 00:00:00
21,135.0,08-24-2020
21,150.0,10-23-2020
21,143.0,2021-03-12 00:00:00
21,4.0,07-22-2021
21,156.0,10-13-2021
21,157.0,2021-11-05 00:00:00
21,61.0,05-31-2021
21,58.0,06-29-2021
21,107.0,06-16-2020
21,92.0,06-19-2021
21,67.0,2021-09-02 00:00:00
21,86.0,05-15-2021
21,142.0,09-28-2020
21,77.0,10-20-2021
21,78.0,09-29-2021
21,151.0,01-17-2021
22,20.0,03-17-2021
22,116.0,11-22-2021
22,129.0,10-20-2021
22,133.0,11-23-2021
22,11.0,03-16-2021
22,145.0,11-30-2021
22,132.0,2021-01-12 00:00:00
22,98.0,2021-05-10 00:00:00
22,134.0,12-17-2021
22,26.0,08-21-2021
22,87.0,12-16-2021
22,93.0,03-30-2021
22,4.0,2021-11-04 00:00:00
22,157.0,2021-03-11 00:00:00
22,157.0,2021-07-12 00:00:00
22,89.0,2021-03-09 00:00:00
22,134.0,2021-08-12 00:00:00
22,88.0,05-28-2021
22,60.0,11-27-2021
22,56.0,11-19-2021
22,95.0,07-30-2021
22,87.0,2021-12-10 00:00:00
22,115.0,2021-11-12 00:00:00
22,19.0,2021-06-05 00:00:00
22,151.0,12-15-2021
22,77.0,06-23-2021
22,146.0,11-27-2021
22,97.0,2021-06-11 00:00:00
22,61.0,2021-05-12 00:00:00
22,150.0,2021-05-12 00:00:00
22,118.0,2021-12-08 00:00:00
22,107.0,11-21-2021
22,106.0,2021-04-12 00:00:00
22,55.0,11-15-2021
22,88.0,12-15-2021
22,21.0,09-23-2021
22,69.0,09-15-2021
22,133.0,11-18-2021
22,156.0,2021-03-12 00:00:00
22,10.0,09-22-2020
22,5.0,2020-10-12 00:00:00
22,89.0,12-21-2021
22,82.0,01-16-2021
22,140.0,09-21-2020
22,144.0,12-24-2021
22,10.0,2020-02-10 00:00:00
22,139.0,09-21-2020
22,96.0,01-22-2021
22,156.0,11-23-2020
22,60.0,12-29-2021
22,140.0,09-21-2020
22,52.0,12-21-2021
22,105.0,12-20-2021
22,131.0,2020-05-10 00:00:00
22,138.0,09-21-2020
22,16.0,2020-05-12 00:00:00
22,139.0,09-21-2020
23,113.0,09-21-2021
23,128.0,09-16-2020
23,69.0,2021-04-04 00:00:00
23,133.0,09-20-2021
23,109.0,01-27-2021
23,52.0,2021-09-05 00:00:00
23,64.0,11-20-2021
23,134.0,09-19-2021
23,53.0,12-24-2021
23,146.0,05-20-2021
23,57.0,2021-12-05 00:00:00
23,60.0,2021-11-11 00:00:00
23,2.0,2021-06-09 00:00:00
23,126.0,04-21-2021
23,85.0,08-21-2021
23,64.0,2021-07-09 00:00:00
23,61.0,2021-09-12 00:00:00
23,112.0,2021-07-09 00:00:00
23,144.0,09-13-2021
23,111.0,09-14-2021
23,140.0,11-18-2021
23,109.0,08-19-2021
23,156.0,09-18-2021
23,121.0,08-19-2021
23,108.0,09-19-2021
23,110.0,08-16-2021
23,105.0,2021-12-11 00:00:00
23,5.0,2021-01-08 00:00:00
23,120.0,08-26-2021
23,145.0,06-18-2021
23,139.0,12-29-2021
23,122.0,2021-11-10 00:00:00
23,110.0,2021-03-03 00:00:00
23,86.0,06-30-2021
23,127.0,01-23-2021
23,67.0,10-14-2021
23,3.0,2021-09-06 00:00:00
23,51.0,12-28-2021
23,155.0,2021-11-06 00:00:00
23,106.0,12-28-2021
23,108.0,2021-08-07 00:00:00
23,107.0,06-22-2021
23,154.0,12-17-2021
24,113.0,2021-07-07 00:00:00
24,123.0,11-28-2021
24,124.0,11-19-2020
24,125.0,06-19-2021
24,109.0,08-21-2021
24,150.0,2021-07-11 00:00:00
24,91.0,06-19-2021
24,131.0,2021-05-01 00:00:00
24,108.0,04-24-2021
24,111.0,2020-03-11 00:00:00
24,157.0,2021-09-12 00:00:00
24,110.0,2021-11-12 00:00:00
24,156.0,12-22-2020
24,151.0,01-17-2021
24,112.0,07-17-2021
24,152.0,2020-06-12 00:00:00
24,90.0,2020-06-12 00:00:00
25,126.0,09-18-2020
25,155.0,2021-07-01 00:00:00
25,128.0,04-22-2021
25,116.0,03-22-2021
25,1.0,2021-03-12 00:00:00
25,115.0,2021-10-03 00:00:00
25,67.0,2021-09-12 00:00:00
25,153.0,11-20-2021
25,127.0,07-13-2021
25,157.0,2021-04-02 00:00:00
25,153.0,2021-02-04 00:00:00
25,114.0,2021-08-10 00:00:00
25,156.0,06-27-2021
25,154.0,10-27-2021
26,90.0,12-31-2020
26,92.0,2021-06-06 00:00:00
26,106.0,12-17-2021
26,154.0,01-31-2021
26,147.0,11-16-2021
26,90.0,07-31-2021
26,122.0,2021-11-02 00:00:00
26,4.0,07-20-2021
26,112.0,2021-01-03 00:00:00
26,146.0,2021-04-01 00:00:00
26,35.0,2020-03-10 00:00:00
26,105.0,09-27-2021
26,155.0,02-26-2021
26,148.0,2021-08-10 00:00:00
26,106.0,02-19-2021
26,32.0,11-29-2020
26,111.0,02-24-2021
26,113.0,01-30-2021
26,2.0,2021-05-08 00:00:00
26,105.0,2021-07-02 00:00:00
26,40.0,2020-10-08 00:00:00
26,69.0,2021-03-08 00:00:00
26,149.0,09-26-2020
26,120.0,2021-03-02 00:00:00
26,107.0,08-23-2020
26,91.0,2021-06-11 00:00:00
26,153.0,02-16-2021
26,103.0,2021-01-08 00:00:00
26,129.0,2020-09-11 00:00:00
26,102.0,2021-02-08 00:00:00
26,104.0,07-18-2021
27,89.0,2021-01-06 00:00:00
27,87.0,07-28-2021
27,91.0,2021-05-10 00:00:00
27,88.0,10-18-2021
28,91.0,02-13-2021
28,115.0,2021-12-07 00:00:00
28,132.0,2021-03-12 00:00:00
28,90.0,02-13-2021
28,114.0,2021-12-08 00:00:00
28,137.0,06-26-2021
28,92.0,02-13-2021
28,116.0,04-30-2021
29,92.0,07-15-2021
30,117.0,06-22-2021
30,119.0,06-21-2021
30,153.0,10-20-2021
30,111.0,2021-10-05 00:00:00
30,107.0,2021-01-07 00:00:00
30,106.0,2021-12-10 00:00:00
30,133.0,06-21-2021
30,27.0,06-13-2021
30,132.0,2021-09-06 00:00:00
30,155.0,07-15-2021
30,105.0,10-21-2021
30,154.0,07-25-2021
30,134.0,2021-12-06 00:00:00
30,118.0,2021-11-06 00:00:00
30,14.0,2021-11-06 00:00:00
30,113.0,2021-07-10 00:00:00
30,10.0,2021-08-06 00:00:00
31,124.0,12-17-2021
31,149.0,11-20-2020
31,103.0,12-13-2021
31,129.0,11-22-2020
31,125.0,11-28-2021
31,104.0,2021-01-04 00:00:00
31,90.0,10-30-2020
31,92.0,2020-09-10 00:00:00
31,148.0,2020-05-10 00:00:00
31,102.0,12-25-2021
31,69.0,2021-02-03 00:00:00
31,147.0,10-30-2020
31,123.0,12-28-2021
32,123.0,11-20-2021
32,125.0,05-22-2021
32,62.0,2021-03-10 00:00:00
32,157.0,2021-08-07 00:00:00
32,116.0,09-30-2021
32,156.0,11-22-2021
32,54.0,2021-09-10 00:00:00
32,114.0,2021-05-12 00:00:00
32,139.0,12-24-2021
32,52.0,12-25-2021
32,123.0,01-28-2021
32,138.0,2021-11-11 00:00:00
32,115.0,12-26-2021
33,89.0,12-19-2021
33,106.0,2021-01-12 00:00:00
33,99.0,01-25-2021
33,141.0,12-21-2021
33,93.0,11-19-2021
33,105.0,11-26-2021
33,107.0,2021-01-03 00:00:00
33,87.0,10-27-2021
33,143.0,2021-03-12 00:00:00
33,100.0,10-31-2021
33,88.0,2021-03-12 00:00:00
33,142.0,12-29-2021
33,101.0,07-23-2020
33,95.0,10-26-2021
34,153.0,2021-08-08 00:00:00
34,155.0,2021-03-08 00:00:00
34,136.0,2021-11-05 00:00:00
34,154.0,08-13-2021
34,90.0,2021-01-05 00:00:00
34,92.0,03-17-2021
34,135.0,2021-08-01 00:00:00
34,137.0,2021-06-02 00:00:00
35,110.0,08-27-2021
35,108.0,07-15-2021
35,7.0,02-19-2021
35,17.0,10-13-2020
35,82.0,09-21-2021
35,84.0,2021-02-03 00:00:00
35,85.0,12-15-2021
35,109.0,2021-01-07 00:00:00
35,86.0,2021-02-05 00:00:00
35,19.0,2021-12-08 00:00:00
36,103.0,12-17-2021
36,67.0,10-22-2021
36,103.0,10-21-2021
36,114.0,2021-05-10 00:00:00
36,104.0,2021-01-11 00:00:00
36,110.0,06-20-2020
36,5.0,2021-01-12 00:00:00
36,85.0,2021-12-10 00:00:00
36,27.0,2021-08-07 00:00:00
36,118.0,2021-12-07 00:00:00
36,102.0,2021-01-12 00:00:00
36,69.0,12-20-2021
36,117.0,2020-11-08 00:00:00
36,116.0,2021-01-11 00:00:00
36,152.0,11-19-2021
36,151.0,2021-01-10 00:00:00
36,104.0,02-20-2021
36,21.0,12-25-2021
36,108.0,09-26-2020
36,119.0,05-29-2021
36,7.0,2021-09-11 00:00:00
36,150.0,11-17-2021
36,156.0,05-17-2021
36,3.0,08-31-2021
36,86.0,07-29-2021
36,157.0,2021-01-09 00:00:00
36,102.0,08-24-2020
36,115.0,10-18-2020
36,84.0,08-30-2021
37,96.0,2020-11-11 00:00:00
37,122.0,12-23-2020
37,133.0,08-19-2021
37,98.0,2021-04-01 00:00:00
37,131.0,06-30-2021
37,135.0,2020-10-11 00:00:00
37,132.0,2021-11-09 00:00:00
37,137.0,02-15-2021
37,108.0,2021-12-04 00:00:00
37,130.0,10-17-2021
37,75.0,2021-11-11 00:00:00
37,129.0,2021-06-09 00:00:00
37,110.0,03-26-2021
37,72.0,11-13-2021
37,97.0,08-27-2020
37,70.0,11-21-2021
37,71.0,11-22-2021
37,109.0,09-20-2021
38,34.0,09-17-2020
38,4.0,03-29-2021
38,142.0,02-23-2021
38,48.0,03-18-2021
38,37.0,2021-03-08 00:00:00
38,65.0,06-22-2021
38,44.0,10-22-2020
38,143.0,06-27-2021
38,68.0,07-14-2021
38,141.0,11-16-2020
39,124.0,2021-10-05 00:00:00
39,62.0,2021-05-12 00:00:00
39,143.0,2021-11-11 00:00:00
39,91.0,09-24-2021
39,73.0,08-29-2021
39,127.0,11-23-2021
39,157.0,04-25-2021
39,51.0,11-13-2021
39,125.0,08-24-2021
39,56.0,06-21-2021
39,90.0,2021-11-11 00:00:00
39,123.0,11-30-2021
39,135.0,09-15-2021
39,92.0,12-17-2021
39,49.0,04-13-2021
39,74.0,2021-08-12 00:00:00
39,37.0,2021-08-04 00:00:00
39,156.0,06-20-2021
39,126.0,2021-10-08 00:00:00
39,48.0,04-14-2021
39,142.0,12-26-2021
39,128.0,11-22-2021
39,141.0,12-18-2021
40,127.0,10-26-2021
40,139.0,11-16-2021
40,132.0,2021-11-08 00:00:00
40,138.0,2021-04-11 00:00:00
40,102.0,09-22-2021
40,139.0,2021-01-11 00:00:00
40,138.0,11-17-2021
40,86.0,09-19-2021
40,85.0,07-20-2021
40,118.0,12-21-2020
40,126.0,2020-12-11 00:00:00
40,74.0,10-20-2021
40,73.0,12-19-2021
40,133.0,2021-03-04 00:00:00
40,128.0,2021-07-06 00:00:00
40,70.0,2021-02-06 00:00:00
40,104.0,2021-06-12 00:00:00
40,72.0,12-21-2021
40,140.0,2021-12-12 00:00:00
40,84.0,05-26-2021
40,119.0,04-25-2021
40,134.0,2021-04-05 00:00:00
40,140.0,03-26-2021
41,115.0,2021-07-11 00:00:00
41,86.0,2021-05-07 00:00:00
41,126.0,2021-08-06 00:00:00
41,114.0,08-30-2021
41,111.0,2020-10-10 00:00:00
41,35.0,2021-01-11 00:00:00
41,84.0,09-29-2021
41,49.0,2020-04-07 00:00:00
41,85.0,04-15-2021
41,112.0,12-21-2020
41,116.0,09-23-2021
43,25.0,2021-05-10 00:00:00
43,114.0,2021-06-11 00:00:00
43,137.0,2021-10-01 00:00:00
43,151.0,09-26-2021
43,74.0,09-27-2021
43,102.0,2021-03-10 00:00:00
43,30.0,2021-12-11 00:00:00
43,152.0,2021-01-10 00:00:00
43,75.0,09-27-2021
43,139.0,09-27-2021
43,104.0,09-23-2021
43,16.0,2021-02-11 00:00:00
43,9.0,12-27-2021
43,20.0,11-21-2021
43,139.0,11-29-2020
43,135.0,11-24-2021
43,115.0,2021-06-10 00:00:00
43,72.0,09-27-2021
43,140.0,01-30-2021
43,87.0,12-20-2021
43,143.0,10-28-2021
43,103.0,10-14-2021
43,150.0,11-15-2021
43,136.0,2021-03-06 00:00:00
43,88.0,2021-08-12 00:00:00
43,73.0,09-27-2021
43,74.0,09-27-2021
43,116.0,10-30-2021
44,112.0,08-18-2021
44,153.0,2021-08-10 00:00:00
44,106.0,10-19-2021
44,101.0,10-19-2021
44,154.0,09-30-2021
44,96.0,11-19-2021
44,75.0,12-18-2021
44,155.0,05-24-2021
44,86.0,2021-01-10 00:00:00
44,100.0,2021-06-12 00:00:00
44,18.0,07-24-2020
44,129.0,2021-02-06 00:00:00
44,139.0,08-15-2021
44,99.0,08-13-2021
44,93.0,2021-06-10 00:00:00
44,107.0,2021-08-06 00:00:00
44,130.0,2021-03-09 00:00:00
44,97.0,11-22-2021
44,105.0,2021-09-06 00:00:00
44,95.0,11-29-2021
44,105.0,11-27-2021
44,98.0,2021-09-09 00:00:00
44,94.0,10-21-2021
44,131.0,2021-09-09 00:00:00
44,111.0,2021-08-09 00:00:00
44,103.0,10-21-2021
44,143.0,12-14-2021
44,102.0,09-24-2021
44,104.0,2021-03-11 00:00:00
44,110.0,2021-10-11 00:00:00
44,106.0,10-22-2021
44,107.0,11-28-2021
44,113.0,09-20-2021
45,153.0,09-22-2020
45,76.0,07-31-2021
45,92.0,2020-05-05 00:00:00
45,83.0,06-30-2021
45,154.0,10-29-2020
45,80.0,08-30-2021
45,116.0,12-23-2021
45,133.0,2020-09-12 00:00:00
45,132.0,2020-02-08 00:00:00
45,90.0,2020-05-05 00:00:00
45,81.0,05-23-2021
45,19.0,09-27-2020
45,138.0,10-21-2021
45,20.0,05-22-2021
45,115.0,08-19-2021
45,8.0,2021-11-06 00:00:00
46,102.0,09-19-2021
46,133.0,2020-07-12 00:00:00
46,4.0,07-23-2021
46,133.0,12-21-2021
46,104.0,2021-03-03 00:00:00
46,139.0,2021-02-07 00:00:00
46,124.0,2021-10-12 00:00:00
46,134.0,07-27-2020
46,118.0,2020-05-12 00:00:00
46,66.0,09-13-2021
46,131.0,05-14-2021
46,132.0,07-29-2020
46,74.0,2020-04-08 00:00:00
46,2.0,07-21-2021
46,68.0,05-29-2021
46,134.0,12-13-2021
46,110.0,11-27-2021
46,74.0,2020-04-08 00:00:00
46,69.0,2020-12-09 00:00:00
46,71.0,2020-04-08 00:00:00
46,119.0,12-25-2020
46,72.0,2020-04-08 00:00:00
46,125.0,2021-06-02 00:00:00
46,130.0,04-20-2021
46,103.0,2021-08-08 00:00:00
46,132.0,12-29-2021
46,73.0,2020-04-08 00:00:00
46,75.0,2020-04-08 00:00:00
46,117.0,2020-08-09 00:00:00
46,129.0,05-28-2021
46,123.0,02-28-2021
47,77.0,01-18-2021
47,82.0,05-24-2021
47,86.0,01-29-2021
47,140.0,04-17-2021
47,84.0,03-16-2021
47,85.0,10-16-2020
48,54.0,11-30-2020
48,152.0,08-15-2021
48,151.0,2021-03-08 00:00:00
48,122.0,11-21-2021
48,91.0,2020-01-12 00:00:00
48,121.0,06-13-2021
48,58.0,2021-05-04 00:00:00
48,56.0,03-29-2021
48,120.0,07-22-2021
48,96.0,11-29-2021
48,157.0,03-18-2021
48,97.0,11-24-2021
48,150.0,12-23-2021
48,98.0,2021-04-07 00:00:00
48,55.0,2021-05-10 00:00:00
48,92.0,04-15-2021
48,156.0,10-30-2021
48,52.0,2021-02-04 00:00:00
49,147.0,11-25-2020
49,71.0,06-30-2021
49,111.0,05-29-2021
49,105.0,2021-08-08 00:00:00
49,110.0,2021-11-10 00:00:00
49,140.0,08-16-2021
49,70.0,06-30-2021
49,74.0,06-30-2021
49,97.0,2021-04-05 00:00:00
49,138.0,08-16-2021
49,113.0,2020-02-10 00:00:00
49,101.0,05-22-2021
49,88.0,12-13-2021
49,149.0,04-15-2021
49,121.0,05-13-2021
49,66.0,09-24-2021
49,148.0,2020-01-10 00:00:00
49,94.0,09-17-2021
49,72.0,01-29-2021
49,39.0,09-23-2020
49,89.0,08-21-2021
49,139.0,08-16-2021
49,70.0,05-19-2021
49,87.0,2021-08-10 00:00:00
49,109.0,08-17-2021
49,73.0,06-30-2021
49,74.0,01-31-2021
49,71.0,06-30-2021
49,122.0,11-27-2021
49,93.0,10-16-2021
49,120.0,12-29-2021
49,118.0,07-25-2021
49,99.0,2020-08-06 00:00:00
49,4.0,2021-03-07 00:00:00
49,112.0,06-18-2020
49,100.0,2021-07-07 00:00:00
50,95.0,04-17-2021
50,74.0,05-31-2021
50,122.0,10-15-2021
50,119.0,2021-10-11 00:00:00
50,98.0,2021-06-10 00:00:00
50,94.0,04-17-2021
50,96.0,10-18-2021
50,97.0,2021-02-08 00:00:00
50,67.0,07-22-2021
50,87.0,07-15-2021
50,103.0,12-27-2020
50,118.0,2021-05-09 00:00:00
50,93.0,04-17-2021
50,104.0,07-27-2021
50,117.0,10-14-2021
50,2.0,01-22-2021
50,144.0,08-29-2021
50,102.0,08-25-2020
50,69.0,2021-12-10 00:00:00
50,66.0,2021-01-09 00:00:00
51,142.0,05-19-2021
51,101.0,07-30-2021
51,92.0,2020-07-08 00:00:00
51,99.0,03-17-2021
51,141.0,07-16-2021
51,73.0,04-27-2021
51,144.0,02-19-2021
51,100.0,07-18-2021
51,112.0,2021-12-08 00:00:00
51,154.0,2020-02-11 00:00:00
51,145.0,09-22-2020
51,146.0,2021-07-03 00:00:00
51,143.0,05-24-2021
51,113.0,2021-11-08 00:00:00
52,138.0,2021-08-11 00:00:00
52,87.0,2021-08-08 00:00:00
52,131.0,06-25-2021
52,122.0,01-27-2021
52,140.0,2021-07-08 00:00:00
52,88.0,06-17-2021
52,130.0,10-27-2021
52,120.0,2020-07-11 00:00:00
52,117.0,10-24-2021
52,128.0,09-13-2021
52,127.0,10-26-2021
52,139.0,09-23-2021
52,89.0,07-16-2021
52,100.0,01-23-2021
52,121.0,2021-02-03 00:00:00
52,129.0,08-25-2021
52,126.0,11-27-2021
52,99.0,06-17-2021
52,101.0,01-24-2021
53,1.0,11-24-2021
53,68.0,11-23-2021
53,131.0,11-23-2021
53,65.0,11-23-2021
54,131.0,12-19-2021
54,104.0,2021-08-07 00:00:00
54,147.0,2021-12-08 00:00:00
54,114.0,2021-02-06 00:00:00
54,75.0,04-14-2021
54,82.0,2021-09-03 00:00:00
54,77.0,05-28-2021
54,134.0,2021-10-09 00:00:00
54,100.0,06-21-2021
54,82.0,06-17-2021
54,79.0,03-30-2021
54,71.0,03-22-2021
54,135.0,12-19-2021
54,99.0,2021-01-05 00:00:00
54,123.0,12-27-2021
54,17.0,2021-06-08 00:00:00
54,137.0,11-30-2021
54,28.0,08-21-2021
54,102.0,2021-02-08 00:00:00
54,73.0,06-16-2021
54,102.0,03-22-2021
54,103.0,07-15-2021
54,115.0,06-29-2021
54,81.0,2020-08-10 00:00:00
54,136.0,2021-03-12 00:00:00
54,96.0,11-29-2021
54,101.0,03-22-2021
54,132.0,03-28-2021
54,76.0,06-15-2021
54,129.0,2021-11-12 00:00:00
54,18.0,11-16-2021
54,8.0,06-22-2021
54,81.0,2021-01-08 00:00:00
54,149.0,01-19-2021
54,27.0,2021-01-08 00:00:00
55,147.0,04-14-2021
55,27.0,2021-03-10 00:00:00
55,125.0,08-31-2021
55,134.0,02-25-2021
55,22.0,09-16-2021
55,12.0,12-18-2020
55,148.0,12-18-2020
55,123.0,09-13-2021
55,10.0,10-25-2021
55,89.0,2021-04-07 00:00:00
55,9.0,09-21-2021
55,87.0,07-29-2021
55,149.0,05-23-2021
55,88.0,2021-12-09 00:00:00
55,124.0,09-19-2021
56,116.0,11-25-2021
56,143.0,09-29-2021
56,101.0,10-22-2021
56,142.0,10-23-2021
56,114.0,04-13-2021
56,115.0,2020-07-12 00:00:00
56,157.0,2021-03-01 00:00:00
56,134.0,12-21-2021
56,156.0,2021-12-01 00:00:00
56,141.0,2021-08-08 00:00:00
56,99.0,10-22-2021
57,92.0,06-29-2021
57,91.0,07-20-2021
57,116.0,01-30-2021
57,92.0,07-30-2020
57,108.0,2020-02-07 00:00:00
57,90.0,2020-04-07 00:00:00
57,91.0,06-25-2020
57,110.0,07-15-2020
57,90.0,04-22-2021
58,133.0,10-28-2021
58,105.0,06-13-2021
58,78.0,2021-10-08 00:00:00
58,81.0,08-26-2020
58,35.0,2021-05-09 00:00:00
58,106.0,10-31-2021
58,132.0,07-25-2021
58,107.0,09-15-2021
58,134.0,11-17-2021
59,84.0,2021-08-10 00:00:00
59,107.0,12-29-2021
59,144.0,2021-04-07 00:00:00
59,146.0,2021-05-08 00:00:00
59,97.0,2021-04-11 00:00:00
59,94.0,2021-04-12 00:00:00
59,157.0,2021-01-12 00:00:00
59,85.0,2021-11-07 00:00:00
59,98.0,2021-12-12 00:00:00
59,91.0,2021-04-01 00:00:00
59,92.0,09-16-2020
59,145.0,09-23-2021
59,133.0,09-19-2021
59,105.0,11-19-2021
59,156.0,12-26-2021
59,106.0,2021-05-11 00:00:00
59,134.0,08-17-2021
59,132.0,07-19-2021
59,90.0,2020-07-11 00:00:00
59,96.0,2021-07-11 00:00:00
60,100.0,2021-08-09 00:00:00
60,148.0,07-18-2021
60,101.0,2021-09-08 00:00:00
60,143.0,08-27-2021
60,146.0,07-25-2021
60,142.0,08-26-2021
60,84.0,07-13-2021
60,141.0,2021-02-09 00:00:00
60,86.0,2021-03-08 00:00:00
60,89.0,08-25-2021
60,85.0,2021-11-08 00:00:00
60,149.0,2020-03-12 00:00:00
60,147.0,2021-01-09 00:00:00
60,87.0,09-21-2021
60,99.0,2021-01-08 00:00:00
60,144.0,2021-10-09 00:00:00
61,82.0,10-23-2021
61,128.0,09-22-2021
61,91.0,07-23-2020
61,132.0,04-28-2021
61,127.0,2020-12-12 00:00:00
61,83.0,01-23-2021
61,109.0,2021-06-03 00:00:00
61,92.0,07-23-2020
61,120.0,11-15-2021
61,90.0,07-23-2020
61,122.0,12-13-2020
61,121.0,2021-01-10 00:00:00
61,126.0,10-29-2021
61,110.0,12-21-2020
61,108.0,2021-02-11 00:00:00
61,88.0,03-21-2021
61,76.0,2021-04-04 00:00:00
61,114.0,04-21-2021
61,90.0,07-23-2020
61,92.0,07-23-2020
61,87.0,2021-04-04 00:00:00
61,89.0,07-31-2021
61,81.0,07-30-2021
62,62.0,2020-07-12 00:00:00
62,93.0,07-25-2021
62,15.0,2021-12-08 00:00:00
62,118.0,03-23-2021
62,58.0,01-25-2021
62,25.0,2020-11-11 00:00:00
62,95.0,11-17-2021
62,106.0,03-30-2021
62,94.0,06-30-2021
62,56.0,01-20-2021
62,59.0,2021-02-02 00:00:00
62,119.0,07-22-2021
62,29.0,2021-02-07 00:00:00
62,117.0,02-27-2021
62,63.0,07-18-2021
63,114.0,12-21-2021
63,115.0,02-13-2021
63,23.0,2021-07-03 00:00:00
63,108.0,05-17-2021
63,109.0,10-19-2020
63,93.0,10-13-2020
63,110.0,2020-04-12 00:00:00
63,27.0,08-27-2021
63,17.0,08-20-2021
63,145.0,2021-09-12 00:00:00
63,144.0,12-13-2021
63,116.0,08-19-2020
64,85.0,2021-09-10 00:00:00
64,84.0,09-22-2021
64,86.0,08-28-2021
64,143.0,2021-12-06 00:00:00
64,132.0,2021-08-04 00:00:00
64,148.0,2021-08-07 00:00:00
64,142.0,06-29-2021
64,153.0,2021-02-12 00:00:00
64,155.0,11-25-2021
64,88.0,2021-05-09 00:00:00
64,87.0,09-18-2021
64,141.0,07-24-2021
64,134.0,04-14-2021
64,133.0,2021-05-06 00:00:00
64,154.0,2021-11-07 00:00:00
65,76.0,2021-08-09 00:00:00
65,102.0,2021-06-06 00:00:00
65,94.0,2021-08-06 00:00:00
65,83.0,2021-08-05 00:00:00
65,80.0,10-18-2021
65,95.0,04-21-2021
65,104.0,07-15-2021
65,103.0,07-15-2021
65,80.0,12-26-2021
65,93.0,07-30-2021
65,122.0,05-26-2021
65,121.0,2021-03-12 00:00:00
65,78.0,02-18-2021
65,77.0,11-18-2021
65,83.0,03-25-2021
66,126.0,2021-08-08 00:00:00
66,124.0,08-31-2021
66,146.0,10-25-2021
66,89.0,2021-04-12 00:00:00
66,88.0,2021-10-12 00:00:00
66,120.0,08-27-2021
66,140.0,08-13-2021
66,108.0,07-21-2021
66,127.0,07-29-2021
66,144.0,2021-05-06 00:00:00
66,109.0,08-16-2021
66,105.0,05-16-2021
66,138.0,07-26-2021
66,121.0,2021-12-08 00:00:00
66,99.0,12-14-2021
66,128.0,2021-02-09 00:00:00
66,122.0,2021-02-11 00:00:00
66,110.0,12-23-2021
66,123.0,2021-10-09 00:00:00
66,75.0,2021-03-09 00:00:00
66,106.0,2021-10-11 00:00:00
66,87.0,2021-11-09 00:00:00
66,139.0,09-26-2021
66,72.0,09-13-2021
66,145.0,2021-03-09 00:00:00
66,107.0,12-22-2021
66,125.0,09-21-2021
66,71.0,10-24-2021
67,122.0,01-30-2021
67,141.0,12-24-2021
67,143.0,2021-02-11 00:00:00
67,74.0,2021-11-10 00:00:00
67,32.0,2021-08-10 00:00:00
67,105.0,04-27-2021
67,44.0,09-30-2021
67,72.0,10-18-2021
67,37.0,2021-01-09 00:00:00
67,107.0,11-13-2021
67,142.0,12-24-2021
67,73.0,08-29-2021
67,70.0,10-23-2021
67,71.0,05-31-2021
67,39.0,2021-01-11 00:00:00
67,155.0,2021-12-12 00:00:00
67,153.0,2021-03-04 00:00:00
67,31.0,09-29-2021
67,120.0,12-19-2020
68,150.0,2021-03-07 00:00:00
68,54.0,2021-05-12 00:00:00
68,156.0,2021-05-12 00:00:00
68,104.0,10-23-2021
68,107.0,2021-01-07 00:00:00
68,122.0,07-27-2021
68,56.0,11-22-2021
68,106.0,2021-02-12 00:00:00
68,151.0,2021-12-10 00:00:00
68,103.0,2021-06-12 00:00:00
68,52.0,10-23-2021
68,152.0,11-19-2021
68,58.0,2021-02-09 00:00:00
68,105.0,2021-03-04 00:00:00
68,114.0,2021-12-10 00:00:00
68,102.0,2021-01-10 00:00:00
68,63.0,2021-08-10 00:00:00
68,157.0,08-24-2021
68,120.0,05-18-2021
69,137.0,12-13-2021
69,98.0,2021-01-07 00:00:00
69,97.0,09-26-2021
69,136.0,2021-05-09 00:00:00
69,135.0,12-24-2021
69,96.0,07-25-2021
70,24.0,08-22-2021
70,137.0,10-23-2021
70,141.0,2021-10-08 00:00:00
70,153.0,09-16-2020
70,6.0,03-14-2021
70,135.0,02-25-2021
70,142.0,12-18-2021
70,143.0,2021-06-07 00:00:00
70,14.0,05-28-2021
70,154.0,2021-10-09 00:00:00
70,137.0,2021-09-09 00:00:00
70,136.0,10-20-2021
70,149.0,04-25-2021
70,135.0,10-27-2021
70,108.0,05-31-2021
70,155.0,12-17-2021
70,109.0,07-19-2021
70,136.0,03-20-2021
70,148.0,06-27-2021
70,29.0,2021-11-12 00:00:00
71,134.0,04-28-2021
71,79.0,10-25-2021
71,133.0,2021-06-04 00:00:00
71,135.0,08-16-2021
71,82.0,11-27-2021
71,132.0,2021-01-05 00:00:00
72,151.0,09-16-2020
72,75.0,2020-07-07 00:00:00
72,150.0,2021-07-11 00:00:00
72,46.0,07-18-2021
72,102.0,12-24-2021
72,72.0,2020-07-07 00:00:00
72,97.0,06-14-2021
72,71.0,2020-07-07 00:00:00
72,104.0,2020-11-11 00:00:00
72,152.0,12-19-2020
72,70.0,2020-07-07 00:00:00
72,73.0,2020-07-07 00:00:00
72,96.0,2021-11-06 00:00:00
72,103.0,2021-10-09 00:00:00
72,98.0,05-26-2021
73,87.0,12-23-2021
73,116.0,11-28-2021
73,142.0,12-13-2021
73,37.0,2021-09-12 00:00:00
73,114.0,2021-06-12 00:00:00
73,74.0,2021-07-02 00:00:00
73,72.0,2021-07-02 00:00:00
73,70.0,2021-07-02 00:00:00
73,35.0,2021-11-09 00:00:00
73,89.0,12-27-2020
73,109.0,09-25-2021
73,73.0,12-31-2020
73,119.0,2021-09-06 00:00:00
73,103.0,2021-05-10 00:00:00
73,104.0,2021-09-08 00:00:00
73,115.0,03-28-2021
73,138.0,2021-06-10 00:00:00
73,110.0,2021-07-10 00:00:00
73,48.0,2021-07-07 00:00:00
73,140.0,07-28-2021
73,47.0,2021-01-06 00:00:00
73,87.0,2021-12-04 00:00:00
73,89.0,09-19-2021
73,54.0,06-24-2021
73,115.0,2021-01-06 00:00:00
73,88.0,2021-08-02 00:00:00
73,88.0,10-22-2021
73,108.0,09-14-2021
73,143.0,2021-06-07 00:00:00
73,102.0,06-22-2021
73,71.0,01-30-2021
73,118.0,2021-11-07 00:00:00
73,141.0,2021-02-07 00:00:00
74,35.0,2021-09-07 00:00:00
74,139.0,12-21-2021
74,134.0,08-20-2021
74,132.0,06-16-2021
74,50.0,2021-08-07 00:00:00
74,146.0,2021-09-07 00:00:00
74,138.0,11-26-2021
74,144.0,11-20-2020
74,46.0,09-20-2021
74,133.0,12-24-2020
74,145.0,06-18-2021
75,85.0,12-15-2021
75,103.0,12-13-2021
75,84.0,12-16-2021
75,104.0,12-13-2021
75,146.0,12-15-2021
75,132.0,12-25-2020
75,92.0,2020-08-09 00:00:00
75,133.0,12-24-2020
75,134.0,2020-08-09 00:00:00
75,157.0,12-15-2021
75,86.0,12-15-2021
75,110.0,2021-12-12 00:00:00
75,102.0,12-14-2021
75,90.0,08-28-2020
75,144.0,2021-12-12 00:00:00
75,156.0,2021-11-12 00:00:00
75,145.0,2021-11-12 00:00:00
75,109.0,12-15-2021
75,108.0,12-14-2021
76,85.0,09-18-2021
76,125.0,03-13-2021
76,108.0,2021-04-08 00:00:00
76,90.0,08-22-2021
76,143.0,03-15-2021
76,142.0,10-17-2020
76,123.0,05-14-2021
76,124.0,07-22-2021
76,86.0,09-19-2021
76,110.0,07-23-2021
76,109.0,2021-05-08 00:00:00
76,120.0,07-27-2021
76,116.0,08-30-2021
76,122.0,09-20-2021
76,92.0,2021-12-08 00:00:00
76,84.0,07-30-2021
76,91.0,2021-05-09 00:00:00
76,115.0,2021-12-09 00:00:00
76,121.0,08-13-2021
77,147.0,11-17-2021
77,75.0,02-13-2021
77,118.0,08-29-2021
77,119.0,03-28-2021
77,67.0,09-24-2021
77,6.0,06-23-2021
77,2.0,2021-05-07 00:00:00
77,106.0,12-14-2021
77,132.0,11-25-2021
77,4.0,05-22-2021
77,17.0,2021-07-04 00:00:00
77,21.0,02-20-2021
77,19.0,02-28-2021
77,8.0,08-29-2020
77,134.0,2021-06-08 00:00:00
77,7.0,2021-04-04 00:00:00
77,105.0,12-25-2020
77,72.0,02-13-2021
77,107.0,2021-08-03 00:00:00
77,66.0,2021-07-07 00:00:00
77,117.0,2021-05-11 00:00:00
77,5.0,06-15-2021
77,133.0,2021-11-03 00:00:00
77,100.0,2021-04-04 00:00:00
77,73.0,2020-05-11 00:00:00
82,119.0,08-30-2021
82,105.0,2021-04-07 00:00:00
82,138.0,09-15-2020
82,106.0,07-16-2021
82,137.0,08-30-2021
82,135.0,08-31-2021
82,118.0,2021-03-09 00:00:00
82,117.0,2021-03-09 00:00:00
82,139.0,09-15-2020
82,136.0,08-30-2021
82,156.0,12-23-2020
82,107.0,10-16-2020
82,140.0,09-15-2020
87,101.0,11-20-2020
87,112.0,10-16-2020
87,111.0,2021-08-05 00:00:00
87,149.0,2020-11-10 00:00:00
87,150.0,10-17-2020
87,100.0,2020-12-12 00:00:00
87,148.0,09-28-2020
87,147.0,2021-01-11 00:00:00
87,106.0,2021-11-06 00:00:00
87,107.0,11-29-2021
87,151.0,11-19-2020
87,152.0,2020-04-12 00:00:00
87,96.0,2021-01-02 00:00:00
87,99.0,2021-12-10 00:00:00
87,105.0,2021-06-09 00:00:00
87,113.0,03-24-2021
90,125.0,2021-12-07 00:00:00
90,49.0,09-29-2021
90,135.0,07-20-2021
90,147.0,09-13-2020
90,17.0,10-19-2021
90,123.0,2021-04-06 00:00:00
90,93.0,2021-06-05 00:00:00
90,47.0,2021-05-10 00:00:00
90,124.0,05-31-2021
90,87.0,2021-01-06 00:00:00
90,23.0,2021-06-10 00:00:00
90,109.0,02-20-2021
90,110.0,04-28-2021
90,111.0,09-21-2021
90,139.0,2020-12-10 00:00:00
90,95.0,2020-12-12 00:00:00
90,137.0,11-14-2021
90,35.0,2021-05-09 00:00:00
90,89.0,04-14-2021
90,148.0,12-15-2020
90,108.0,11-13-2020
90,113.0,2021-06-09 00:00:00
90,138.0,2020-12-10 00:00:00
90,140.0,2020-12-10 00:00:00
90,136.0,04-16-2021
90,149.0,2020-12-12 00:00:00
90,2.0,08-16-2021
90,39.0,09-14-2021
90,112.0,09-15-2021
90,67.0,12-19-2021
90,34.0,09-13-2021
90,21.0,2021-03-01 00:00:00
92,145.0,06-18-2021
92,114.0,2020-07-12 00:00:00
92,96.0,2021-10-12 00:00:00
92,84.0,2021-09-12 00:00:00
92,86.0,12-13-2021
92,116.0,12-26-2020
92,97.0,12-13-2021
92,107.0,12-13-2021
92,94.0,2021-08-12 00:00:00
92,84.0,06-30-2021
92,71.0,04-29-2021
92,85.0,12-13-2021
92,81.0,2021-10-04 00:00:00
92,114.0,2021-05-07 00:00:00
92,74.0,2021-06-05 00:00:00
92,106.0,12-13-2021
92,105.0,2021-10-12 00:00:00
92,95.0,2021-08-12 00:00:00
92,4.0,01-23-2021
92,99.0,2020-05-11 00:00:00
92,101.0,11-19-2020
92,154.0,07-21-2020
92,146.0,2021-09-08 00:00:00
92,144.0,12-15-2021
92,121.0,2021-07-09 00:00:00
92,66.0,01-15-2021
92,68.0,11-28-2020
92,153.0,06-29-2020
92,100.0,01-27-2021
92,115.0,10-18-2020
92,115.0,09-25-2021
92,155.0,2020-05-07 00:00:00
92,93.0,2021-08-12 00:00:00
93,154.0,2021-11-11 00:00:00
93,81.0,01-18-2021
93,153.0,2021-05-12 00:00:00
93,83.0,03-23-2021
93,155.0,2021-05-11 00:00:00
93,93.0,2021-06-03 00:00:00
93,94.0,2021-06-03 00:00:00
93,82.0,10-26-2021
95,137.0,2021-06-04 00:00:00
97,132.0,10-16-2021
97,103.0,2021-10-05 00:00:00
97,105.0,12-27-2021
97,104.0,10-21-2021
97,102.0,2021-04-10 00:00:00
97,134.0,2021-01-11 00:00:00
97,9.0,11-27-2021
97,133.0,05-17-2021
97,92.0,06-22-2021
97,84.0,2021-06-09 00:00:00
97,86.0,11-13-2021
97,106.0,10-13-2021
97,148.0,2021-04-04 00:00:00
97,85.0,08-16-2021
97,90.0,08-23-2021
97,107.0,11-17-2021
97,149.0,09-18-2021
97,22.0,12-29-2021
97,147.0,07-17-2021
105,100.0,2021-09-12 00:00:00
105,99.0,10-21-2021
105,91.0,2021-10-12 00:00:00
105,132.0,2020-06-10 00:00:00
105,145.0,2021-06-08 00:00:00
105,134.0,11-24-2020
105,133.0,07-29-2021
105,101.0,11-13-2021
106,150.0,12-18-2021
106,87.0,12-29-2021
106,148.0,11-14-2020
106,100.0,12-28-2021
106,134.0,12-28-2021
106,89.0,12-29-2021
106,104.0,2021-04-07 00:00:00
106,106.0,12-25-2021
106,111.0,06-14-2021
106,102.0,07-23-2021
106,157.0,2021-09-07 00:00:00
106,106.0,12-14-2021
106,107.0,12-14-2021
106,156.0,07-13-2021
106,120.0,12-24-2020
106,101.0,12-29-2021
106,99.0,12-15-2021
106,103.0,12-23-2021
106,147.0,2021-01-01 00:00:00
106,133.0,12-22-2021
106,115.0,12-19-2021
106,112.0,06-13-2021
106,152.0,12-20-2021
106,53.0,2021-11-06 00:00:00
106,113.0,2021-10-06 00:00:00
106,105.0,12-27-2021
106,119.0,2021-09-06 00:00:00
106,60.0,06-18-2021
106,85.0,06-19-2021
106,150.0,06-16-2021
106,114.0,12-27-2021
106,151.0,12-27-2021
106,118.0,2021-08-06 00:00:00
106,149.0,12-21-2020
106,58.0,06-19-2021
106,151.0,06-20-2021
106,102.0,12-27-2021
106,116.0,12-21-2021
106,117.0,06-21-2021
106,107.0,12-22-2021
106,104.0,12-21-2021
106,103.0,07-16-2021
108,84.0,2021-11-05 00:00:00
108,95.0,09-18-2021
108,104.0,2021-11-09 00:00:00
108,102.0,09-17-2021
108,145.0,11-14-2021
108,103.0,06-25-2021
108,129.0,2021-04-11 00:00:00
108,131.0,2021-04-12 00:00:00
108,137.0,08-27-2021
108,84.0,10-31-2021
108,135.0,08-31-2021
108,86.0,2021-02-06 00:00:00
108,144.0,10-31-2021
108,64.0,2021-08-05 00:00:00
108,86.0,11-25-2021
108,85.0,07-20-2021
108,93.0,10-18-2021
108,146.0,2021-01-12 00:00:00
115,113.0,03-28-2021
115,91.0,06-15-2020
115,142.0,08-27-2021
115,138.0,03-19-2021
115,92.0,06-15-2020
115,91.0,06-15-2020
115,127.0,2021-12-08 00:00:00
115,143.0,08-25-2021
115,48.0,2021-09-05 00:00:00
115,38.0,2020-05-10 00:00:00
115,90.0,06-15-2020
115,99.0,2021-02-03 00:00:00
115,156.0,2021-03-11 00:00:00
115,111.0,02-22-2021
115,44.0,02-21-2021
115,140.0,2021-10-10 00:00:00
115,112.0,02-18-2021
115,31.0,07-24-2020
115,112.0,01-22-2021
115,145.0,02-14-2021
115,78.0,07-18-2020
115,123.0,2021-03-02 00:00:00
115,141.0,12-15-2021
115,77.0,2021-07-04 00:00:00
115,42.0,08-24-2021
115,113.0,04-25-2021
115,100.0,04-18-2021
115,111.0,2021-10-06 00:00:00
115,90.0,06-15-2020
115,128.0,05-19-2021
115,101.0,05-20-2021
115,157.0,05-18-2021
115,92.0,06-15-2020
115,83.0,2020-03-12 00:00:00
119,78.0,2021-10-03 00:00:00
119,88.0,2021-03-12 00:00:00
119,79.0,09-28-2021
119,118.0,2021-09-03 00:00:00
119,146.0,04-16-2021
119,90.0,08-18-2020
119,72.0,2020-01-11 00:00:00
119,77.0,2021-08-06 00:00:00
119,73.0,2020-01-11 00:00:00
119,87.0,2021-05-12 00:00:00
119,143.0,11-23-2021
119,106.0,12-21-2021
119,103.0,2021-02-08 00:00:00
119,107.0,2021-07-12 00:00:00
119,133.0,08-22-2020
119,132.0,2021-12-12 00:00:00
119,89.0,2021-10-10 00:00:00
119,70.0,2020-01-11 00:00:00
119,106.0,2020-10-08 00:00:00
119,85.0,2021-12-10 00:00:00
119,87.0,10-13-2021
119,80.0,10-16-2021
119,71.0,2020-01-11 00:00:00
119,84.0,05-13-2021
119,89.0,12-27-2021
119,101.0,2021-02-12 00:00:00
119,155.0,12-15-2020
119,153.0,03-14-2021
119,102.0,2021-02-08 00:00:00
119,87.0,08-15-2021
119,88.0,08-17-2021
119,134.0,12-16-2021
119,105.0,12-30-2020
119,134.0,07-18-2021
119,102.0,08-24-2021
119,89.0,03-30-2021
119,18.0,2021-07-07 00:00:00
119,141.0,12-17-2021
119,99.0,11-28-2021
119,142.0,11-27-2021
119,144.0,06-22-2021
119,133.0,12-19-2021
119,104.0,11-13-2021
119,105.0,12-13-2021
119,132.0,11-15-2021
119,81.0,12-31-2020
119,107.0,2021-04-02 00:00:00
119,88.0,11-29-2021
119,86.0,2021-11-04 00:00:00
122,92.0,2021-06-12 00:00:00
122,126.0,2021-10-08 00:00:00
122,140.0,07-18-2021
122,156.0,05-18-2021
122,91.0,03-21-2021
122,138.0,2021-09-09 00:00:00
122,127.0,08-18-2021
122,90.0,08-20-2021
122,131.0,03-31-2021
122,128.0,10-30-2021
122,157.0,2021-04-05 00:00:00
122,129.0,08-26-2021
123,68.0,2021-08-06 00:00:00
123,102.0,2021-11-12 00:00:00
123,114.0,08-23-2021
123,104.0,06-22-2020
123,103.0,11-23-2021
123,115.0,03-19-2021
130,112.0,10-21-2021
130,117.0,06-28-2021
130,113.0,09-24-2021
130,157.0,09-24-2021
130,111.0,09-26-2021
130,156.0,09-26-2021
130,155.0,06-30-2021
130,60.0,11-25-2021
130,3.0,2021-07-11 00:00:00
130,56.0,12-24-2021
132,6.0,10-15-2021
132,149.0,11-19-2021
132,47.0,05-21-2021
132,37.0,10-15-2021
132,137.0,2021-03-12 00:00:00
132,8.0,2021-01-11 00:00:00
132,135.0,12-28-2021
132,147.0,2021-11-12 00:00:00
132,23.0,08-24-2021
132,148.0,11-21-2021
132,70.0,11-19-2021
132,136.0,12-26-2021
132,24.0,07-23-2021
132,71.0,11-19-2021
132,75.0,11-19-2021
132,72.0,11-19-2021
132,49.0,2021-01-08 00:00:00
133,101.0,10-21-2020
133,129.0,2021-08-12 00:00:00
133,77.0,2021-01-09 00:00:00
133,145.0,2021-07-12 00:00:00
133,82.0,2021-03-09 00:00:00
133,143.0,11-13-2021
133,76.0,2021-08-09 00:00:00
133,80.0,08-24-2021
133,130.0,07-28-2021
133,79.0,08-13-2021
133,140.0,09-20-2021
133,110.0,2021-11-10 00:00:00
133,142.0,09-21-2021
133,156.0,09-30-2021
133,144.0,09-30-2021
133,145.0,2021-01-10 00:00:00
133,157.0,2021-03-10 00:00:00
133,131.0,2021-02-03 00:00:00
134,136.0,08-13-2021
134,153.0,10-17-2021
134,137.0,11-23-2021
134,117.0,10-25-2021
134,154.0,10-17-2021
134,153.0,08-24-2021
134,155.0,11-16-2021
134,135.0,2021-05-11 00:00:00
134,154.0,11-15-2021
134,118.0,2021-05-09 00:00:00
134,115.0,09-16-2021
134,119.0,11-20-2021
141,118.0,2020-11-11 00:00:00
141,131.0,08-20-2020
141,137.0,08-17-2020
141,92.0,2021-12-10 00:00:00
141,119.0,10-28-2021
141,111.0,08-31-2020
141,113.0,10-25-2020
141,84.0,2021-07-02 00:00:00
141,135.0,2020-02-10 00:00:00
141,46.0,2020-04-10 00:00:00
141,34.0,05-21-2020
141,85.0,2020-06-05 00:00:00
141,91.0,11-25-2020
141,89.0,01-21-2021
141,149.0,02-16-2021
141,130.0,01-27-2021
141,117.0,2021-10-02 00:00:00
141,118.0,02-22-2021
141,44.0,02-25-2021
141,147.0,2021-02-03 00:00:00
141,148.0,2021-11-03 00:00:00
141,119.0,03-13-2021
141,121.0,12-19-2021
141,41.0,03-20-2021
141,37.0,03-20-2021
141,125.0,04-17-2021
141,86.0,04-18-2021
141,47.0,04-20-2021
141,123.0,2021-10-02 00:00:00
141,112.0,01-25-2021
141,124.0,2021-09-02 00:00:00
141,129.0,12-13-2020
141,41.0,11-29-2020
141,90.0,2020-03-12 00:00:00
141,117.0,12-23-2020
142,75.0,11-28-2021
142,139.0,12-21-2021
142,143.0,2021-07-10 00:00:00
142,151.0,08-20-2020
142,150.0,08-19-2020
142,148.0,12-25-2021
142,60.0,07-15-2021
142,152.0,08-17-2020
142,54.0,07-24-2021
142,90.0,01-30-2021
142,103.0,2021-12-02 00:00:00
142,115.0,2021-06-07 00:00:00
142,92.0,2021-04-06 00:00:00
142,116.0,2021-10-12 00:00:00
142,140.0,12-26-2020
142,104.0,2021-07-09 00:00:00
142,81.0,2021-07-09 00:00:00
142,51.0,09-13-2021
142,106.0,2021-06-09 00:00:00
142,77.0,2021-07-11 00:00:00
142,107.0,09-14-2021
142,55.0,12-15-2020
142,58.0,2021-01-01 00:00:00
142,105.0,10-27-2021
142,102.0,2021-09-04 00:00:00
142,149.0,12-16-2021
142,73.0,12-16-2021
142,71.0,12-16-2021
142,147.0,12-16-2021
142,138.0,01-28-2021
146,87.0,10-25-2021
146,88.0,10-14-2021
146,92.0,07-13-2020
146,52.0,09-30-2020
146,63.0,02-14-2021
146,90.0,08-17-2020
146,83.0,02-18-2021
146,77.0,07-31-2021
146,60.0,2021-11-04 00:00:00
146,137.0,2021-04-11 00:00:00
146,99.0,2021-08-06 00:00:00
146,62.0,06-26-2021
146,61.0,2020-06-11 00:00:00
146,89.0,08-13-2021
146,78.0,07-21-2020
146,91.0,2021-08-02 00:00:00
